key,surah,surah_no,ayah_index,juz,ayah_text,changes,connection_id,section,book,change_type,note,unique
2:59,Al-Baqara,2,59,1,فبدل الذين ظلموا قولًا غير الذي قيل لهم فأنزلنا على الذين ظلموا رجزًا من السماء بما كانوا يفسقون,ظلموا، فأنزلنا على الذين ظلموا، يفسقون,1,ألف,هداية,multiple differences,,
7:162,Al-A'raf,7,162,9,فبدل الذين ظلموا منهم قولًا غير الذي قيل لهم فأرسلنا عليهم رجزًا من السماء بما كانوا يظلمون,ظلموا منهم، فأرسلنا عليهم، يظلمون,1,ألف,هداية,multiple differences,,
2:34,Al-Baqara,2,34,1,وإذ قلنا للملائكة اسجدوا لآدم فسجدوا إلا إبليس أبى واستكبر وكان من الكافرين,إبليس أبى واستكبر,2,ألف,هداية,addition & subtraction,,
38:74,Sad,38,74,23,إلا إبليس استكبر وكان من الكافرين,إبليس استكبر,2,ألف,هداية,addition & subtraction,,
2:136,Al-Baqara,2,136,1,قولوا آمنا بالله وما أنزل إلينا وما أنزل إلى إبراهيم وإسماعيل وإسحاق ويعقوب والأسباط وما أوتي موسى وعيسى وما أوتي النبيون من ربهم لا نفرق بين أحدٍ منهم ونحن له مسلمون,قولوا، وما أنزل إلينا، وما أوتي النبيون من ربهم,3,ألف,هداية,multiple differences,,
3:84,Al Imran,3,84,3,قل آمنا بالله وما أنزل علينا وما أنزل على إبراهيم وإسماعيل وإسحاق ويعقوب والأسباط وما أوتي موسى وعيسى والنبيون من ربهم لا نفرق بين أحدٍ منهم ونحن له مسلمون,قل، وما أنزل علينا، والنبيون من ربهم,3,ألف,هداية,multiple differences,,
2:217,Al-Baqara,2,217,2,يسألونك عن الشهر الحرام قتالٍ فيه ۖ قل قتال فيه كبير ۖ وصد عن سبيل الله وكفر به والمسجد الحرام وإخراج أهله منه أكبر عند الله ۚ والفتنة أكبر من القتل ۗ ولا يزالون يقاتلونكم حتى يردوكم عن دينكم إن استطاعوا ۚ ومن يرتدد منكم عن دينه فيمت وهو كافر فأولئك حبطت أعمالهم في الدنيا والآخرة ۖ وأولئك أصحاب النار ۖ هم فيها خالدون,أكبر من القتل,4,ألف,هداية,replacement,,
2:191,Al-Baqara,2,191,2,واقتلوهم حيث ثقفتموهم وأخرجوهم من حيث أخرجوكم ۚ والفتنة أشد من القتل ۚ ولا تقاتلوهم عند المسجد الحرام حتى يقاتلوكم فيه ۖ فإن قاتلوكم فاقتلوهم ۗ كذلك جزاء الكافرين,أشد من القتل,4,ألف,هداية,replacement,,
2:242,Al-Baqara,2,242,2,كذلك يبين الله لكم آياته لعلكم تعقلون,كذلك يبين الله لكم آياته لعلكم تعقلون,5,ألف,هداية,replacement,,
3:103,Al Imran,3,103,4,واعتصموا بحبل الله جميعًا ولا تفرقوا ۚ واذكروا نعمت الله عليكم إذ كنتم أعداءً فألف بين قلوبكم فأصبحتم بنعمته إخوانًا وكنتم على شفا حفرةٍ من النار فأنقذكم منها ۗ كذلك يبين الله لكم آياته لعلكم تهتدون,كذلك يبين الله لكم آياته لعلكم تهتدون,5,ألف,هداية,replacement,,
24:59,An-Nur,24,59,18,وإذا بلغ الأطفال منكم الحلم فليستأذنوا كما استأذن الذين من قبلهم ۚ كذلك يبين الله لكم آياته ۗ والله عليم حكيم,كذلك يبين الله لكم آياته ۗ والله عليم حكيم,5,ألف,هداية,replacement,,
5:89,Al-Ma'ida,5,89,7,لا يؤاخذكم الله باللغو في أيمانكم ولكن يؤاخذكم بما عقدتم الأيمان ۖ فكفارته إطعام عشرة مساكين من أوسط ما تطعمون أهليكم أو كسوتهم أو تحرير رقبةٍ ۖ فمن لم يجد فصيام ثلاثة أيامٍ ۚ ذلك كفارة أيمانكم إذا حلفتم ۚ واحفظوا أيمانكم ۚ كذلك يبين الله لكم آياته لعلكم تشكرون,كذلك يبين الله لكم آياته لعلكم تشكرون,5,ألف,هداية,replacement,,
3:5,Al Imran,3,5,3,إن الله لا يخفى عليه شيء في الأرض ولا في السماء,في الأرض ولا في السماء,6,ألف,هداية,order similarity,,
10:61,Yunus,10,61,11,وما تكون في شأنٍ وما تتلو منه من قرآنٍ ولا تعملون من عملٍ إلا كنا عليكم شهودًا إذ تفيضون فيه ۚ وما يعزب عن ربك من مثقال ذرةٍ في الأرض ولا في السماء ولا أصغر من ذلك ولا أكبر إلا في كتابٍ مبينٍ,في الأرض ولا في السماء,6,ألف,هداية,order similarity,,
20:4,Ta-Ha,20,4,16,تنزيلًا ممن خلق الأرض والسماوات العلى,خلق الأرض والسماوات,6,ألف,هداية,order similarity,,
29:22,Al-Ankabut,29,22,20,وما أنتم بمعجزين في الأرض ولا في السماء ۖ وما لكم من دون الله من ولي ولا نصيرٍ,في الأرض ولا في السماء,6,ألف,هداية,order similarity,,
14:38,Ibrahim,14,38,13,ربنا إنك تعلم ما نخفي وما نعلن ۗ وما يخفى على الله من شيءٍ في الأرض ولا في السماء,في الأرض ولا في السماء,6,ألف,هداية,order similarity,,
3:21,Al Imran,3,21,3,إن الذين يكفرون بآيات الله ويقتلون النبيين بغير حق ويقتلون الذين يأمرون بالقسط من الناس فبشرهم بعذابٍ أليمٍ,ويقتلون النبيين بغير حق,7,ألف,هداية,replacement,,
3:112,Al Imran,3,112,4,ضربت عليهم الذلة أين ما ثقفوا إلا بحبلٍ من الله وحبلٍ من الناس وباءوا بغضبٍ من الله وضربت عليهم المسكنة ۚ ذلك بأنهم كانوا يكفرون بآيات الله ويقتلون الأنبياء بغير حق ۚ ذلك بما عصوا وكانوا يعتدون,ويقتلون الأنبياء بغير حق,7,ألف,هداية,replacement,,
2:61,Al-Baqara,2,61,1,وإذ قلتم يا موسى لن نصبر على طعامٍ واحدٍ فادع لنا ربك يخرج لنا مما تنبت الأرض من بقلها وقثائها وفومها وعدسها وبصلها ۖ قال أتستبدلون الذي هو أدنى بالذي هو خير ۚ اهبطوا مصرًا فإن لكم ما سألتم ۗ وضربت عليهم الذلة والمسكنة وباءوا بغضبٍ من الله ۗ ذلك بأنهم كانوا يكفرون بآيات الله ويقتلون النبيين بغير الحق ۗ ذلك بما عصوا وكانوا يعتدون,ويقتلون النبيين بغير الحق,7,ألف,هداية,replacement,,
3:32,Al Imran,3,32,3,قل أطيعوا الله والرسول ۖ فإن تولوا فإن الله لا يحب الكافرين,أطيعوا الله والرسول,8,ألف,هداية,addition & subtraction,,
3:132,Al Imran,3,132,4,وأطيعوا الله والرسول لعلكم ترحمون,وأطيعوا الله والرسول,8,ألف,هداية,addition & subtraction,,
4:59,An-Nisa',4,59,5,يا أيها الذين آمنوا أطيعوا الله وأطيعوا الرسول وأولي الأمر منكم ۖ فإن تنازعتم في شيءٍ فردوه إلى الله والرسول إن كنتم تؤمنون بالله واليوم الآخر ۚ ذلك خير وأحسن تأويلًا,أطيعوا الله وأطيعوا الرسول,8,ألف,هداية,addition & subtraction,,
5:92,Al-Ma'ida,5,92,7,وأطيعوا الله وأطيعوا الرسول واحذروا ۚ فإن توليتم فاعلموا أنما على رسولنا البلاغ المبين,وأطيعوا الله وأطيعوا الرسول واحذروا,8,ألف,هداية,addition & subtraction,,
24:54,An-Nur,24,54,18,قل أطيعوا الله وأطيعوا الرسول ۖ فإن تولوا فإنما عليه ما حمل وعليكم ما حملتم ۖ وإن تطيعوه تهتدوا ۚ وما على الرسول إلا البلاغ المبين,أطيعوا الله وأطيعوا الرسول,8,ألف,هداية,addition & subtraction,,
47:33,Muhammad,47,33,26,يا أيها الذين آمنوا أطيعوا الله وأطيعوا الرسول ولا تبطلوا أعمالكم,أطيعوا الله وأطيعوا الرسول,8,ألف,هداية,addition & subtraction,,
64:12,At-Taghabun,64,12,28,وأطيعوا الله وأطيعوا الرسول ۚ فإن توليتم فإنما على رسولنا البلاغ المبين,وأطيعوا الله وأطيعوا الرسول,8,ألف,هداية,addition & subtraction,,
4:124,An-Nisa',4,124,5,ومن يعمل من الصالحات من ذكرٍ أو أنثى وهو مؤمن فأولئك يدخلون الجنة ولا يظلمون نقيرًا,من ذكرٍ أو أنثى,9,ألف,هداية,replacement,,
3:195,Al Imran,3,195,4,فاستجاب لهم ربهم أني لا أضيع عمل عاملٍ منكم من ذكرٍ أو أنثى ۖ بعضكم من بعضٍ ۖ فالذين هاجروا وأخرجوا من ديارهم وأوذوا في سبيلي وقاتلوا وقتلوا لأكفرن عنهم سيئاتهم ولأدخلنهم جناتٍ تجري من تحتها الأنهار ثوابًا من عند الله ۗ والله عنده حسن الثواب,من ذكرٍ أو أنثى,9,ألف,هداية,replacement,,
16:97,An-Nahl,16,97,14,من عمل صالحًا من ذكرٍ أو أنثى وهو مؤمن فلنحيينه حياةً طيبةً ۖ ولنجزينهم أجرهم بأحسن ما كانوا يعملون,من ذكرٍ أو أنثى,9,ألف,هداية,replacement,,
40:40,Ghafir,40,40,24,من عمل سيئةً فلا يجزى إلا مثلها ۖ ومن عمل صالحًا من ذكرٍ أو أنثى وهو مؤمن فأولئك يدخلون الجنة يرزقون فيها بغير حسابٍ,من ذكرٍ أو أنثى,9,ألف,هداية,replacement,,
49:13,Al-Hujurat,49,13,26,يا أيها الناس إنا خلقناكم من ذكرٍ وأنثى وجعلناكم شعوبًا وقبائل لتعارفوا ۚ إن أكرمكم عند الله أتقاكم ۚ إن الله عليم خبير,من ذكرٍ وأنثى,9,ألف,هداية,replacement,,
4:57,An-Nisa',4,57,5,والذين آمنوا وعملوا الصالحات سندخلهم جناتٍ تجري من تحتها الأنهار خالدين فيها أبدًا ۖ لهم فيها أزواج مطهرة ۖ وندخلهم ظلا ظليلًا,خالدين فيها أبدًا,10,ألف,هداية,addition & subtraction,without أبدًا in all other places,
4:122,An-Nisa',4,122,5,والذين آمنوا وعملوا الصالحات سندخلهم جناتٍ تجري من تحتها الأنهار خالدين فيها أبدًا ۖ وعد الله حقا ۚ ومن أصدق من الله قيلًا,خالدين فيها أبدًا,10,ألف,هداية,addition & subtraction,without أبدًا in all other places,
4:169,An-Nisa',4,169,6,إلا طريق جهنم خالدين فيها أبدًا ۚ وكان ذلك على الله يسيرًا,خالدين فيها أبدًا,10,ألف,هداية,addition & subtraction,without أبدًا in all other places,
5:119,Al-Ma'ida,5,119,7,قال الله هذا يوم ينفع الصادقين صدقهم ۚ لهم جنات تجري من تحتها الأنهار خالدين فيها أبدًا ۚ رضي الله عنهم ورضوا عنه ۚ ذلك الفوز العظيم,خالدين فيها أبدًا,10,ألف,هداية,addition & subtraction,without أبدًا in all other places,
9:22,At-Tawba,9,22,10,خالدين فيها أبدًا ۚ إن الله عنده أجر عظيم,خالدين فيها أبدًا,10,ألف,هداية,addition & subtraction,without أبدًا in all other places,
9:100,At-Tawba,9,100,11,والسابقون الأولون من المهاجرين والأنصار والذين اتبعوهم بإحسانٍ رضي الله عنهم ورضوا عنه وأعد لهم جناتٍ تجري تحتها الأنهار خالدين فيها أبدًا ۚ ذلك الفوز العظيم,خالدين فيها أبدًا,10,ألف,هداية,addition & subtraction,without أبدًا in all other places,
33:65,Al-Ahzab,33,65,22,خالدين فيها أبدًا ۖ لا يجدون وليا ولا نصيرًا,خالدين فيها أبدًا,10,ألف,هداية,addition & subtraction,without أبدًا in all other places,
64:9,At-Taghabun,64,9,28,يوم يجمعكم ليوم الجمع ۖ ذلك يوم التغابن ۗ ومن يؤمن بالله ويعمل صالحًا يكفر عنه سيئاته ويدخله جناتٍ تجري من تحتها الأنهار خالدين فيها أبدًا ۚ ذلك الفوز العظيم,خالدين فيها أبدًا,10,ألف,هداية,addition & subtraction,without أبدًا in all other places,
65:11,At-Talaq,65,11,28,رسولًا يتلو عليكم آيات الله مبيناتٍ ليخرج الذين آمنوا وعملوا الصالحات من الظلمات إلى النور ۚ ومن يؤمن بالله ويعمل صالحًا يدخله جناتٍ تجري من تحتها الأنهار خالدين فيها أبدًا ۖ قد أحسن الله له رزقًا,خالدين فيها أبدًا,10,ألف,هداية,addition & subtraction,without أبدًا in all other places,
72:23,Al-Jinn,72,23,29,إلا بلاغًا من الله ورسالاته ۚ ومن يعص الله ورسوله فإن له نار جهنم خالدين فيها أبدًا,خالدين فيها أبدًا,10,ألف,هداية,addition & subtraction,without أبدًا in all other places,
98:8,Al-Bayyina,98,8,30,جزاؤهم عند ربهم جنات عدنٍ تجري من تحتها الأنهار خالدين فيها أبدًا ۖ رضي الله عنهم ورضوا عنه ۚ ذلك لمن خشي ربه,خالدين فيها أبدًا,10,ألف,هداية,addition & subtraction,without أبدًا in all other places,
7:64,Al-A'raf,7,64,8,فكذبوه فأنجيناه والذين معه في الفلك وأغرقنا الذين كذبوا بآياتنا ۚ إنهم كانوا قومًا عمين,فأنجيناه,11,ألف,هداية,replacement,replaced with نجّيناه in all other places,
26:119,Ash-Shu'ara,26,119,19,فأنجيناه ومن معه في الفلك المشحون,فأنجيناه,11,ألف,هداية,replacement,replaced with نجّيناه in all other places,
29:15,Al-Ankabut,29,15,20,فأنجيناه وأصحاب السفينة وجعلناها آيةً للعالمين,فأنجيناه,11,ألف,هداية,replacement,replaced with نجّيناه in all other places,
7:83,Al-A'raf,7,83,8,فأنجيناه وأهله إلا امرأته كانت من الغابرين,فأنجيناه,11,ألف,هداية,replacement,replaced with نجّيناه in all other places,
27:57,An-Naml,27,57,20,فأنجيناه وأهله إلا امرأته قدرناها من الغابرين,فأنجيناه,11,ألف,هداية,replacement,replaced with نجّيناه in all other places,
7:72,Al-A'raf,7,72,8,فأنجيناه والذين معه برحمةٍ منا وقطعنا دابر الذين كذبوا بآياتنا ۖ وما كانوا مؤمنين,فأنجيناه,11,ألف,هداية,replacement,replaced with نجّيناه in all other places,
6:148,Al-An'am,6,148,8,سيقول الذين أشركوا لو شاء الله ما أشركنا ولا آباؤنا ولا حرمنا من شيءٍ ۚ كذلك كذب الذين من قبلهم حتى ذاقوا بأسنا ۗ قل هل عندكم من علمٍ فتخرجوه لنا ۖ إن تتبعون إلا الظن وإن أنتم إلا تخرصون,لو شاء الله ما أشركنا ,12,ألف,هداية,replacement,,
16:35,An-Nahl,16,35,14,وقال الذين أشركوا لو شاء الله ما عبدنا من دونه من شيءٍ نحن ولا آباؤنا ولا حرمنا من دونه من شيءٍ ۚ كذلك فعل الذين من قبلهم ۚ فهل على الرسل إلا البلاغ المبين,لو شاء الله ما عبدنا,12,ألف,هداية,replacement,,
7:111,Al-A'raf,7,111,9,قالوا أرجه وأخاه وأرسل في المدائن حاشرين,أرجه وأخاه وأرسل,13,ألف,هداية,replacement,,
26:36,Ash-Shu'ara,26,36,19,قالوا أرجه وأخاه وابعث في المدائن حاشرين,أرجه وأخاه وابعث,13,ألف,هداية,replacement,,
9:20,At-Tawba,9,20,10,الذين آمنوا وهاجروا وجاهدوا في سبيل الله بأموالهم وأنفسهم أعظم درجةً عند الله ۚ وأولئك هم الفائزون,في سبيل الله بأموالهم وأنفسهم,14,ألف,هداية,order change,words أموالهم وأنفسهم comes first in all other places,
4:95,An-Nisa',4,95,5,لا يستوي القاعدون من المؤمنين غير أولي الضرر والمجاهدون في سبيل الله بأموالهم وأنفسهم ۚ فضل الله المجاهدين بأموالهم وأنفسهم على القاعدين درجةً ۚ وكلا وعد الله الحسنى ۚ وفضل الله المجاهدين على القاعدين أجرًا عظيمًا,في سبيل الله بأموالهم وأنفسهم,14,ألف,هداية,order change,words أموالهم وأنفسهم comes first in all other places,
61:11,As-Saff,61,11,28,تؤمنون بالله ورسوله وتجاهدون في سبيل الله بأموالكم وأنفسكم ۚ ذلكم خير لكم إن كنتم تعلمون,في سبيل الله بأموالكم وأنفسكم,14,ألف,هداية,order change,words أموالهم وأنفسهم comes first in all other places,
10:31,Yunus,10,31,11,قل من يرزقكم من السماء والأرض أمن يملك السمع والأبصار ومن يخرج الحي من الميت ويخرج الميت من الحي ومن يدبر الأمر ۚ فسيقولون الله ۚ فقل أفلا تتقون,من يرزقكم من السماء والأرض,15,ألف,هداية,replacement,,
34:24,Saba',34,24,22,قل من يرزقكم من السماوات والأرض ۖ قل الله ۖ وإنا أو إياكم لعلى هدًى أو في ضلالٍ مبينٍ,من يرزقكم من السماوات والأرض,15,ألف,هداية,replacement,,
13:7,Ar-Ra'd,13,7,13,ويقول الذين كفروا لولا أنزل عليه آية من ربه ۗ إنما أنت منذر ۖ ولكل قومٍ هادٍ,لولا أنزل عليه آية,16,ألف,هداية,replacement,,
13:27,Ar-Ra'd,13,27,13,ويقول الذين كفروا لولا أنزل عليه آية من ربه ۗ قل إن الله يضل من يشاء ويهدي إليه من أناب,لولا أنزل عليه آية,16,ألف,هداية,replacement,,
10:20,Yunus,10,20,11,ويقولون لولا أنزل عليه آية من ربه ۖ فقل إنما الغيب لله فانتظروا إني معكم من المنتظرين,لولا أنزل عليه آية,16,ألف,هداية,replacement,,
29:50,Al-Ankabut,29,50,21,وقالوا لولا أنزل عليه آيات من ربه ۖ قل إنما الآيات عند الله وإنما أنا نذير مبين,لولا أنزل عليه آيات,16,ألف,هداية,replacement,,
6:37,Al-An'am,6,37,7,وقالوا لولا نزل عليه آية من ربه ۚ قل إن الله قادر على أن ينزل آيةً ولكن أكثرهم لا يعلمون,لولا نزل عليه آية,16,ألف,هداية,replacement,,
11:26,Hud,11,26,12,أن لا تعبدوا إلا الله ۖ إني أخاف عليكم عذاب يومٍ أليمٍ,عذاب يومٍ أليمٍ,17,ألف,هداية,replacement,without يومٍ in all other places,
43:65,Az-Zukhruf,43,65,25,فاختلف الأحزاب من بينهم ۖ فويل للذين ظلموا من عذاب يومٍ أليمٍ,عذاب يومٍ أليمٍ,17,ألف,هداية,replacement,without يومٍ in all other places,
35:7,Fatir,35,7,22,الذين كفروا لهم عذاب شديد ۖ والذين آمنوا وعملوا الصالحات لهم مغفرة وأجر كبير,مغفرة وأجر كبير,18,ألف,هداية,replacement,,
11:11,Hud,11,11,12,إلا الذين صبروا وعملوا الصالحات أولئك لهم مغفرة وأجر كبير,مغفرة وأجر كبير,18,ألف,هداية,replacement,,
67:12,Al-Mulk,67,12,29,إن الذين يخشون ربهم بالغيب لهم مغفرة وأجر كبير,مغفرة وأجر كبير,18,ألف,هداية,replacement,,
57:7,Al-Hadid,57,7,27,آمنوا بالله ورسوله وأنفقوا مما جعلكم مستخلفين فيه ۖ فالذين آمنوا منكم وأنفقوا لهم أجر كبير,وأنفقوا لهم أجر كبير,18,ألف,هداية,replacement,,
57:11,Al-Hadid,57,11,27,من ذا الذي يقرض الله قرضًا حسنًا فيضاعفه له وله أجر كريم,فيضاعفه له وله أجر كريم,18,ألف,هداية,replacement,,
57:18,Al-Hadid,57,18,27,إن المصدقين والمصدقات وأقرضوا الله قرضًا حسنًا يضاعف لهم ولهم أجر كريم,يضاعف لهم ولهم أجر كريم,18,ألف,هداية,replacement,,
36:11,Ya Seen,36,11,22,إنما تنذر من اتبع الذكر وخشي الرحمن بالغيب ۖ فبشره بمغفرةٍ وأجرٍ كريمٍ,بمغفرةٍ وأجرٍ كريمٍ,18,ألف,هداية,replacement,,
53:23,An-Najm,53,23,27,إن هي إلا أسماء سميتموها أنتم وآباؤكم ما أنزل الله بها من سلطانٍ ۚ إن يتبعون إلا الظن وما تهوى الأنفس ۖ ولقد جاءهم من ربهم الهدى,ما أنزل الله بها,19,ألف,هداية,replacement,,
12:40,Yusuf,12,40,12,ما تعبدون من دونه إلا أسماءً سميتموها أنتم وآباؤكم ما أنزل الله بها من سلطانٍ ۚ إن الحكم إلا لله ۚ أمر ألا تعبدوا إلا إياه ۚ ذلك الدين القيم ولكن أكثر الناس لا يعلمون,ما أنزل الله بها,19,ألف,هداية,replacement,,
7:71,Al-A'raf,7,71,8,قال قد وقع عليكم من ربكم رجس وغضب ۖ أتجادلونني في أسماءٍ سميتموها أنتم وآباؤكم ما نزل الله بها من سلطانٍ ۚ فانتظروا إني معكم من المنتظرين,ما نزل الله بها,19,ألف,هداية,replacement,,
15:37,Al-Hijr,15,37,14,قال فإنك من المنظرين,فإنك من المنظرين,20,ألف,هداية,addition & subtraction,,
15:38,Al-Hijr,15,38,14,إلى يوم الوقت المعلوم,إلى يوم,20,ألف,هداية,addition & subtraction,,
38:80,Sad,38,80,23,قال فإنك من المنظرين,فإنك من المنظرين,20,ألف,هداية,addition & subtraction,,
38:81,Sad,38,81,23,إلى يوم الوقت المعلوم,إلى يوم,20,ألف,هداية,addition & subtraction,,
7:14,Al-A'raf,7,14,8,قال أنظرني إلى يوم يبعثون,أنظرني إلى يوم,20,ألف,هداية,addition & subtraction,,
7:15,Al-A'raf,7,15,8,قال إنك من المنظرين,إنك من المنظرين,20,ألف,هداية,addition & subtraction,,
15:85,Al-Hijr,15,85,14,وما خلقنا السماوات والأرض وما بينهما إلا بالحق ۗ وإن الساعة لآتية ۖ فاصفح الصفح الجميل,خلقنا السماوات والأرض,21,ألف,هداية,replacement,,
44:38,Ad-Dukhan,44,38,25,وما خلقنا السماوات والأرض وما بينهما لاعبين,خلقنا السماوات والأرض,21,ألف,هداية,replacement,,
21:16,Al-Anbiya',21,16,17,وما خلقنا السماء والأرض وما بينهما لاعبين,خلقنا السماء والأرض,21,ألف,هداية,replacement,,
38:27,Sad,38,27,23,وما خلقنا السماء والأرض وما بينهما باطلًا ۚ ذلك ظن الذين كفروا ۚ فويل للذين كفروا من النار,خلقنا السماء والأرض,21,ألف,هداية,replacement,,
16:79,An-Nahl,16,79,14,ألم يروا إلى الطير مسخراتٍ في جو السماء ما يمسكهن إلا الله ۗ إن في ذلك لآياتٍ لقومٍ يؤمنون,ألم يروا,22,ألف,هداية,replacement,replaced with أولم يروا in all other places,
27:86,An-Naml,27,86,20,ألم يروا أنا جعلنا الليل ليسكنوا فيه والنهار مبصرًا ۚ إن في ذلك لآياتٍ لقومٍ يؤمنون,ألم يروا,22,ألف,هداية,replacement,replaced with أولم يروا in all other places,
6:6,Al-An'am,6,6,7,ألم يروا كم أهلكنا من قبلهم من قرنٍ مكناهم في الأرض ما لم نمكن لكم وأرسلنا السماء عليهم مدرارًا وجعلنا الأنهار تجري من تحتهم فأهلكناهم بذنوبهم وأنشأنا من بعدهم قرنًا آخرين,ألم يروا,22,ألف,هداية,replacement,replaced with أولم يروا in all other places,
7:148,Al-A'raf,7,148,9,واتخذ قوم موسى من بعده من حليهم عجلًا جسدًا له خوار ۚ ألم يروا أنه لا يكلمهم ولا يهديهم سبيلًا ۘ اتخذوه وكانوا ظالمين,ألم يروا,22,ألف,هداية,replacement,replaced with أولم يروا in all other places,
36:31,Ya Seen,36,31,23,ألم يروا كم أهلكنا قبلهم من القرون أنهم إليهم لا يرجعون,ألم يروا,22,ألف,هداية,replacement,replaced with أولم يروا in all other places,
26:42,Ash-Shu'ara,26,42,19,قال نعم وإنكم إذًا لمن المقربين,وإنكم إذًا,23,ألف,هداية,addition & subtraction,,
7:114,Al-A'raf,7,114,9,قال نعم وإنكم لمن المقربين,وإنكم,23,ألف,هداية,addition & subtraction,,
27:10,An-Naml,27,10,19,وألق عصاك ۚ فلما رآها تهتز كأنها جان ولى مدبرًا ولم يعقب ۚ يا موسى لا تخف إني لا يخاف لدي المرسلون,وألق,24,ألف,هداية,addition & subtraction,,
7:117,Al-A'raf,7,117,9,وأوحينا إلى موسى أن ألق عصاك ۖ فإذا هي تلقف ما يأفكون,أن ألق,24,ألف,هداية,addition & subtraction,,
28:31,Al-Qasas,28,31,20,وأن ألق عصاك ۖ فلما رآها تهتز كأنها جان ولى مدبرًا ولم يعقب ۚ يا موسى أقبل ولا تخف ۖ إنك من الآمنين,وأن ألق,24,ألف,هداية,addition & subtraction,,
27:12,An-Naml,27,12,19,وأدخل يدك في جيبك تخرج بيضاء من غير سوءٍ ۖ في تسع آياتٍ إلى فرعون وقومه ۚ إنهم كانوا قومًا فاسقين,وأدخل يدك,25,ألف,هداية,replacement,,
28:32,Al-Qasas,28,32,20,اسلك يدك في جيبك تخرج بيضاء من غير سوءٍ واضمم إليك جناحك من الرهب ۖ فذانك برهانان من ربك إلى فرعون وملئه ۚ إنهم كانوا قومًا فاسقين,اسلك يدك,25,ألف,هداية,replacement,,
20:22,Ta-Ha,20,22,16,واضمم يدك إلى جناحك تخرج بيضاء من غير سوءٍ آيةً أخرى,واضمم يدك,25,ألف,هداية,replacement,,
27:9,An-Naml,27,9,19,يا موسى إنه أنا الله العزيز الحكيم,إنه أنا الله,26,ألف,هداية,replacement,,
28:30,Al-Qasas,28,30,20,فلما أتاها نودي من شاطئ الواد الأيمن في البقعة المباركة من الشجرة أن يا موسى إني أنا الله رب العالمين,إني أنا الله,26,ألف,هداية,replacement,,
31:29,Luqman,31,29,21,ألم تر أن الله يولج الليل في النهار ويولج النهار في الليل وسخر الشمس والقمر كل يجري إلى أجلٍ مسمى وأن الله بما تعملون خبير,يجري إلى أجلٍ,27,ألف,هداية,multiple differences,,
13:2,Ar-Ra'd,13,2,13,الله الذي رفع السماوات بغير عمدٍ ترونها ۖ ثم استوى على العرش ۖ وسخر الشمس والقمر ۖ كل يجري لأجلٍ مسمى ۚ يدبر الأمر يفصل الآيات لعلكم بلقاء ربكم توقنون,يجري لأجلٍ,27,ألف,هداية,multiple differences,,
35:13,Fatir,35,13,22,يولج الليل في النهار ويولج النهار في الليل وسخر الشمس والقمر كل يجري لأجلٍ مسمى ۚ ذلكم الله ربكم له الملك ۚ والذين تدعون من دونه ما يملكون من قطميرٍ,يجري لأجلٍ,27,ألف,هداية,multiple differences,,
39:5,Az-Zumar,39,5,23,خلق السماوات والأرض بالحق ۖ يكور الليل على النهار ويكور النهار على الليل ۖ وسخر الشمس والقمر ۖ كل يجري لأجلٍ مسمى ۗ ألا هو العزيز الغفار,يجري لأجلٍ,27,ألف,هداية,multiple differences,,
42:14,Ash-Shura,42,14,25,وما تفرقوا إلا من بعد ما جاءهم العلم بغيًا بينهم ۚ ولولا كلمة سبقت من ربك إلى أجلٍ مسمى لقضي بينهم ۚ وإن الذين أورثوا الكتاب من بعدهم لفي شك منه مريبٍ,إلى أجلٍ,27,ألف,هداية,multiple differences,,
32:20,As-Sajda,32,20,21,وأما الذين فسقوا فمأواهم النار ۖ كلما أرادوا أن يخرجوا منها أعيدوا فيها وقيل لهم ذوقوا عذاب النار الذي كنتم به تكذبون,عذاب النار الذي,28,ألف,هداية,replacement,,
34:42,Saba',34,42,22,فاليوم لا يملك بعضكم لبعضٍ نفعًا ولا ضرا ونقول للذين ظلموا ذوقوا عذاب النار التي كنتم بها تكذبون,عذاب النار التي,28,ألف,هداية,replacement,,
54:25,Al-Qamar,54,25,27,أألقي الذكر عليه من بيننا بل هو كذاب أشر,أألقي، الذكر عليه,29,ألف,هداية,multiple differences,,
38:8,Sad,38,8,23,أأنزل عليه الذكر من بيننا ۚ بل هم في شك من ذكري ۖ بل لما يذوقوا عذاب,أأنزل، عليه الذكر,29,ألف,هداية,multiple differences,,
40:85,Ghafir,40,85,24,فلم يك ينفعهم إيمانهم لما رأوا بأسنا ۖ سنت الله التي قد خلت في عباده ۖ وخسر هنالك الكافرون,سنت الله التي,30,ألف,هداية,replacement,,
48:23,Al-Fath,48,23,26,سنة الله التي قد خلت من قبل ۖ ولن تجد لسنة الله تبديلًا,سنة الله التي,30,ألف,هداية,replacement,,
33:38,Al-Ahzab,33,38,22,ما كان على النبي من حرجٍ فيما فرض الله له ۖ سنة الله في الذين خلوا من قبل ۚ وكان أمر الله قدرًا مقدورًا,سنة الله في الذين,30,ألف,هداية,replacement,,
33:62,Al-Ahzab,33,62,22,سنة الله في الذين خلوا من قبل ۖ ولن تجد لسنة الله تبديلًا,سنة الله في الذين,30,ألف,هداية,replacement,,
2:8,Al-Baqara,2,8,1,ومن الناس من يقول آمنا بالله وباليوم الآخر وما هم بمؤمنين,بالله وباليوم,31,باء,هداية,addition & subtraction,without ب before اليوم in all other places,في حال الإثبات
9:29,At-Tawba,9,29,10,قاتلوا الذين لا يؤمنون بالله ولا باليوم الآخر ولا يحرمون ما حرم الله ورسوله ولا يدينون دين الحق من الذين أوتوا الكتاب حتى يعطوا الجزية عن يدٍ وهم صاغرون,لا يؤمنون بالله ولا باليوم,32,باء,هداية,addition & subtraction,without ولا ب before اليوم in all other places,في حال النفي
4:38,An-Nisa',4,38,5,والذين ينفقون أموالهم رئاء الناس ولا يؤمنون بالله ولا باليوم الآخر ۗ ومن يكن الشيطان له قرينًا فساء قرينًا,ولا يؤمنون بالله ولا باليوم,32,باء,هداية,addition & subtraction,without ولا ب before اليوم in all other places,في حال النفي
2:173,Al-Baqara,2,173,2,إنما حرم عليكم الميتة والدم ولحم الخنزير وما أهل به لغير الله ۖ فمن اضطر غير باغٍ ولا عادٍ فلا إثم عليه ۚ إن الله غفور رحيم,به لغير الله,33,باء,هداية,order change,,
5:3,Al-Ma'ida,5,3,6,حرمت عليكم الميتة والدم ولحم الخنزير وما أهل لغير الله به والمنخنقة والموقوذة والمتردية والنطيحة وما أكل السبع إلا ما ذكيتم وما ذبح على النصب وأن تستقسموا بالأزلام ۚ ذلكم فسق ۗ اليوم يئس الذين كفروا من دينكم فلا تخشوهم واخشون ۚ اليوم أكملت لكم دينكم وأتممت عليكم نعمتي ورضيت لكم الإسلام دينًا ۚ فمن اضطر في مخمصةٍ غير متجانفٍ لإثمٍ ۙ فإن الله غفور رحيم,لغير الله به,33,باء,هداية,order change,,
6:145,Al-An'am,6,145,8,قل لا أجد في ما أوحي إلي محرمًا على طاعمٍ يطعمه إلا أن يكون ميتةً أو دمًا مسفوحًا أو لحم خنزيرٍ فإنه رجس أو فسقًا أهل لغير الله به ۚ فمن اضطر غير باغٍ ولا عادٍ فإن ربك غفور رحيم,لغير الله به,33,باء,هداية,order change,,
16:115,An-Nahl,16,115,14,إنما حرم عليكم الميتة والدم ولحم الخنزير وما أهل لغير الله به ۖ فمن اضطر غير باغٍ ولا عادٍ فإن الله غفور رحيم,لغير الله به,33,باء,هداية,order change,,
2:120,Al-Baqara,2,120,1,ولن ترضى عنك اليهود ولا النصارى حتى تتبع ملتهم ۗ قل إن هدى الله هو الهدى ۗ ولئن اتبعت أهواءهم بعد الذي جاءك من العلم ۙ ما لك من الله من ولي ولا نصيرٍ,بعد الذي جاءك,34,باء,هداية,replacement,,
2:145,Al-Baqara,2,145,2,ولئن أتيت الذين أوتوا الكتاب بكل آيةٍ ما تبعوا قبلتك ۚ وما أنت بتابعٍ قبلتهم ۚ وما بعضهم بتابعٍ قبلة بعضٍ ۚ ولئن اتبعت أهواءهم من بعد ما جاءك من العلم ۙ إنك إذًا لمن الظالمين,من بعد ما جاءك,34,باء,هداية,replacement,,
3:61,Al Imran,3,61,3,فمن حاجك فيه من بعد ما جاءك من العلم فقل تعالوا ندع أبناءنا وأبناءكم ونساءنا ونساءكم وأنفسنا وأنفسكم ثم نبتهل فنجعل لعنت الله على الكاذبين,من بعد ما جاءك,34,باء,هداية,replacement,,
13:37,Ar-Ra'd,13,37,13,وكذلك أنزلناه حكمًا عربيا ۚ ولئن اتبعت أهواءهم بعدما جاءك من العلم ما لك من الله من ولي ولا واقٍ,بعدما جاءك,34,باء,هداية,replacement,,
3:184,Al Imran,3,184,4,فإن كذبوك فقد كذب رسل من قبلك جاءوا بالبينات والزبر والكتاب المنير,فقد كذب,35,باء,هداية,replacement,,
6:34,Al-An'am,6,34,7,ولقد كذبت رسل من قبلك فصبروا على ما كذبوا وأوذوا حتى أتاهم نصرنا ۚ ولا مبدل لكلمات الله ۚ ولقد جاءك من نبإ المرسلين,ولقد كذبت,35,باء,هداية,replacement,,
35:4,Fatir,35,4,22,وإن يكذبوك فقد كذبت رسل من قبلك ۚ وإلى الله ترجع الأمور,فقد كذبت,35,باء,هداية,replacement,,
10:74,Yunus,10,74,11,ثم بعثنا من بعده رسلًا إلى قومهم فجاءوهم بالبينات فما كانوا ليؤمنوا بما كذبوا به من قبل ۚ كذلك نطبع على قلوب المعتدين,بما كذبوا به من قبل، نطبع,36,باء,هداية,multiple differences,,
7:101,Al-A'raf,7,101,9,تلك القرى نقص عليك من أنبائها ۚ ولقد جاءتهم رسلهم بالبينات فما كانوا ليؤمنوا بما كذبوا من قبل ۚ كذلك يطبع الله على قلوب الكافرين,بما كذبوا من قبل، يطبع الله,36,باء,هداية,multiple differences,,
15:39,Al-Hijr,15,39,14,قال رب بما أغويتني لأزينن لهم في الأرض ولأغوينهم أجمعين,قال رب بما أغويتني,37,باء,هداية,replacement,,
7:16,Al-A'raf,7,16,8,قال فبما أغويتني لأقعدن لهم صراطك المستقيم,قال فبما أغويتني,37,باء,هداية,replacement,,
17:86,Al-Isra',17,86,15,ولئن شئنا لنذهبن بالذي أوحينا إليك ثم لا تجد لك به علينا وكيلًا,به علينا، وكيلًا,38,باء,هداية,multiple differences,,
17:69,Al-Isra',17,69,15,أم أمنتم أن يعيدكم فيه تارةً أخرى فيرسل عليكم قاصفًا من الريح فيغرقكم بما كفرتم ۙ ثم لا تجدوا لكم علينا به تبيعًا,علينا به، تبيعًا,38,باء,هداية,multiple differences,,
20:10,Ta-Ha,20,10,16,إذ رأى نارًا فقال لأهله امكثوا إني آنست نارًا لعلي آتيكم منها بقبسٍ أو أجد على النار هدًى,بقبسٍ,39,باء,هداية,replacement,,yes
27:7,An-Naml,27,7,19,إذ قال موسى لأهله إني آنست نارًا سآتيكم منها بخبرٍ أو آتيكم بشهابٍ قبسٍ لعلكم تصطلون,بخبرٍ,39,باء,هداية,replacement,,
28:29,Al-Qasas,28,29,20,فلما قضى موسى الأجل وسار بأهله آنس من جانب الطور نارًا قال لأهله امكثوا إني آنست نارًا لعلي آتيكم منها بخبرٍ أو جذوةٍ من النار لعلكم تصطلون,بخبرٍ,39,باء,هداية,replacement,,
29:52,Al-Ankabut,29,52,21,قل كفى بالله بيني وبينكم شهيدًا ۖ يعلم ما في السماوات والأرض ۗ والذين آمنوا بالباطل وكفروا بالله أولئك هم الخاسرون,بيني وبينكم شهيدًا,40,باء,هداية,order change,,
13:43,Ar-Ra'd,13,43,13,ويقول الذين كفروا لست مرسلًا ۚ قل كفى بالله شهيدًا بيني وبينكم ومن عنده علم الكتاب,شهيدًا بيني وبينكم,40,باء,هداية,order change,,
17:96,Al-Isra',17,96,15,قل كفى بالله شهيدًا بيني وبينكم ۚ إنه كان بعباده خبيرًا بصيرًا,شهيدًا بيني وبينكم,40,باء,هداية,order change,,
46:8,Al-Ahqaf,46,8,26,أم يقولون افتراه ۖ قل إن افتريته فلا تملكون لي من الله شيئًا ۖ هو أعلم بما تفيضون فيه ۖ كفى به شهيدًا بيني وبينكم ۖ وهو الغفور الرحيم,شهيدًا بيني وبينكم,40,باء,هداية,order change,,
40:17,Ghafir,40,17,24,اليوم تجزى كل نفسٍ بما كسبت ۚ لا ظلم اليوم ۚ إن الله سريع الحساب,كل نفسٍ بما كسبت,41,باء,هداية,replacement,,
45:22,Al-Jathiya,45,22,25,وخلق الله السماوات والأرض بالحق ولتجزى كل نفسٍ بما كسبت وهم لا يظلمون,كل نفسٍ بما كسبت,41,باء,هداية,replacement,,
13:33,Ar-Ra'd,13,33,13,أفمن هو قائم على كل نفسٍ بما كسبت ۗ وجعلوا لله شركاء قل سموهم ۚ أم تنبئونه بما لا يعلم في الأرض أم بظاهرٍ من القول ۗ بل زين للذين كفروا مكرهم وصدوا عن السبيل ۗ ومن يضلل الله فما له من هادٍ,كل نفسٍ بما كسبت,41,باء,هداية,replacement,,
74:38,Al-Muddathir,74,38,29,كل نفسٍ بما كسبت رهينة,كل نفسٍ بما كسبت,41,باء,هداية,replacement,,
2:281,Al-Baqara,2,281,3,واتقوا يومًا ترجعون فيه إلى الله ۖ ثم توفى كل نفسٍ ما كسبت وهم لا يظلمون,كل نفسٍ ما كسبت,41,باء,هداية,replacement,,
3:25,Al Imran,3,25,3,فكيف إذا جمعناهم ليومٍ لا ريب فيه ووفيت كل نفسٍ ما كسبت وهم لا يظلمون,كل نفسٍ ما كسبت,41,باء,هداية,replacement,,
3:161,Al Imran,3,161,4,وما كان لنبي أن يغل ۚ ومن يغلل يأت بما غل يوم القيامة ۚ ثم توفى كل نفسٍ ما كسبت وهم لا يظلمون,كل نفسٍ ما كسبت,41,باء,هداية,replacement,,
14:51,Ibrahim,14,51,13,ليجزي الله كل نفسٍ ما كسبت ۚ إن الله سريع الحساب,كل نفسٍ ما كسبت,41,باء,هداية,replacement,,
2:197,Al-Baqara,2,197,2,الحج أشهر معلومات ۚ فمن فرض فيهن الحج فلا رفث ولا فسوق ولا جدال في الحج ۗ وما تفعلوا من خيرٍ يعلمه الله ۗ وتزودوا فإن خير الزاد التقوى ۚ واتقون يا أولي الألباب,وما تفعلوا من خيرٍ,42,تاء,هداية,replacement,,
2:215,Al-Baqara,2,215,2,يسألونك ماذا ينفقون ۖ قل ما أنفقتم من خيرٍ فللوالدين والأقربين واليتامى والمساكين وابن السبيل ۗ وما تفعلوا من خيرٍ فإن الله به عليم,وما تفعلوا من خيرٍ، فإن الله به عليم,42,تاء,هداية,replacement,,
3:115,Al Imran,3,115,4,وما يفعلوا من خيرٍ فلن يكفروه ۗ والله عليم بالمتقين,وما يفعلوا من خيرٍ، والله عليم,42,تاء,هداية,replacement,,
4:127,An-Nisa',4,127,5,ويستفتونك في النساء ۖ قل الله يفتيكم فيهن وما يتلى عليكم في الكتاب في يتامى النساء اللاتي لا تؤتونهن ما كتب لهن وترغبون أن تنكحوهن والمستضعفين من الولدان وأن تقوموا لليتامى بالقسط ۚ وما تفعلوا من خيرٍ فإن الله كان به عليمًا,وما تفعلوا من خيرٍ، فإن الله كان به عليمًا,42,تاء,هداية,replacement,,
2:272,Al-Baqara,2,272,3,ليس عليك هداهم ولكن الله يهدي من يشاء ۗ وما تنفقوا من خيرٍ فلأنفسكم ۚ وما تنفقون إلا ابتغاء وجه الله ۚ وما تنفقوا من خيرٍ يوف إليكم وأنتم لا تظلمون,وما تنفقوا من خيرٍ,42,تاء,هداية,replacement,,
2:273,Al-Baqara,2,273,3,للفقراء الذين أحصروا في سبيل الله لا يستطيعون ضربًا في الأرض يحسبهم الجاهل أغنياء من التعفف تعرفهم بسيماهم لا يسألون الناس إلحافًا ۗ وما تنفقوا من خيرٍ فإن الله به عليم,وما تنفقوا من خير، فإن الله به عليم,42,تاء,هداية,replacement,,
3:92,Al Imran,3,92,3,لن تنالوا البر حتى تنفقوا مما تحبون ۚ وما تنفقوا من شيءٍ فإن الله به عليم,وما تنفقوا من شيءٍ، فإن الله به عليم,42,تاء,هداية,replacement,,
8:60,Al-Anfal,8,60,10,وأعدوا لهم ما استطعتم من قوةٍ ومن رباط الخيل ترهبون به عدو الله وعدوكم وآخرين من دونهم لا تعلمونهم الله يعلمهم ۚ وما تنفقوا من شيءٍ في سبيل الله يوف إليكم وأنتم لا تظلمون,وما تنفقوا من شيءٍ,42,تاء,هداية,replacement,,
2:38,Al-Baqara,2,38,1,قلنا اهبطوا منها جميعًا ۖ فإما يأتينكم مني هدًى فمن تبع هداي فلا خوف عليهم ولا هم يحزنون,فمن تبع,43,تاء,هداية,replacement,replaced with من اتبع in all other places,
3:73,Al Imran,3,73,3,ولا تؤمنوا إلا لمن تبع دينكم قل إن الهدى هدى الله أن يؤتى أحد مثل ما أوتيتم أو يحاجوكم عند ربكم ۗ قل إن الفضل بيد الله يؤتيه من يشاء ۗ والله واسع عليم,لمن تبع,43,تاء,هداية,replacement,replaced with من اتبع in all other places,
3:60,Al Imran,3,60,3,الحق من ربك فلا تكن من الممترين,فلا تكن,44,تاء,هداية,replacement,,
2:147,Al-Baqara,2,147,2,الحق من ربك ۖ فلا تكونن من الممترين,فلا تكونن,44,تاء,هداية,replacement,,
6:114,Al-An'am,6,114,8,أفغير الله أبتغي حكمًا وهو الذي أنزل إليكم الكتاب مفصلًا ۚ والذين آتيناهم الكتاب يعلمون أنه منزل من ربك بالحق ۖ فلا تكونن من الممترين,فلا تكونن,44,تاء,هداية,replacement,,
5:92,Al-Ma'ida,5,92,7,وأطيعوا الله وأطيعوا الرسول واحذروا ۚ فإن توليتم فاعلموا أنما على رسولنا البلاغ المبين,فإن توليتم,45,تاء,هداية,replacement,replaced with فإن تولوا in all other places,
10:72,Yunus,10,72,11,فإن توليتم فما سألتكم من أجرٍ ۖ إن أجري إلا على الله ۖ وأمرت أن أكون من المسلمين,فإن توليتم,45,تاء,هداية,replacement,replaced with فإن تولوا in all other places,
64:12,At-Taghabun,64,12,28,وأطيعوا الله وأطيعوا الرسول ۚ فإن توليتم فإنما على رسولنا البلاغ المبين,فإن توليتم,45,تاء,هداية,replacement,replaced with فإن تولوا in all other places,
5:99,Al-Ma'ida,5,99,7,ما على الرسول إلا البلاغ ۗ والله يعلم ما تبدون وما تكتمون,ما تبدون وما تكتمون,46,تاء,هداية,replacement,replaced with فإن تولوا in all other places,
24:29,An-Nur,24,29,18,ليس عليكم جناح أن تدخلوا بيوتًا غير مسكونةٍ فيها متاع لكم ۚ والله يعلم ما تبدون وما تكتمون,ما تبدون وما تكتمون,46,تاء,هداية,replacement,,
27:25,An-Naml,27,25,19,ألا يسجدوا لله الذي يخرج الخبء في السماوات والأرض ويعلم ما تخفون وما تعلنون,ما تخفون وما تعلنون,46,تاء,هداية,replacement,,
16:19,An-Nahl,16,19,14,والله يعلم ما تسرون وما تعلنون,ما تسرون وما تعلنون,46,تاء,هداية,replacement,,
64:4,At-Taghabun,64,4,28,يعلم ما في السماوات والأرض ويعلم ما تسرون وما تعلنون ۚ والله عليم بذات الصدور,ما تسرون وما تعلنون,46,تاء,هداية,replacement,,
11:94,Hud,11,94,12,ولما جاء أمرنا نجينا شعيبًا والذين آمنوا معه برحمةٍ منا وأخذت الذين ظلموا الصيحة فأصبحوا في ديارهم جاثمين,وأخذت,47,تاء,هداية,addition & subtraction,,
11:67,Hud,11,67,12,وأخذ الذين ظلموا الصيحة فأصبحوا في ديارهم جاثمين,وأخذ,47,تاء,هداية,addition & subtraction,,
7:10,Al-A'raf,7,10,8,ولقد مكناكم في الأرض وجعلنا لكم فيها معايش ۗ قليلًا ما تشكرون,قليلًا ما تشكرون,48,تاء,هداية,replacement,,
23:78,Al-Mu'minoon,23,78,18,وهو الذي أنشأ لكم السمع والأبصار والأفئدة ۚ قليلًا ما تشكرون,قليلًا ما تشكرون,48,تاء,هداية,replacement,,
32:9,As-Sajda,32,9,21,ثم سواه ونفخ فيه من روحه ۖ وجعل لكم السمع والأبصار والأفئدة ۚ قليلًا ما تشكرون,قليلًا ما تشكرون,48,تاء,هداية,replacement,,
67:23,Al-Mulk,67,23,29,قل هو الذي أنشأكم وجعل لكم السمع والأبصار والأفئدة ۖ قليلًا ما تشكرون,قليلًا ما تشكرون,48,تاء,هداية,replacement,,
7:3,Al-A'raf,7,3,8,اتبعوا ما أنزل إليكم من ربكم ولا تتبعوا من دونه أولياء ۗ قليلًا ما تذكرون,قليلًا ما تذكرون,48,تاء,هداية,replacement,,
27:62,An-Naml,27,62,20,أمن يجيب المضطر إذا دعاه ويكشف السوء ويجعلكم خلفاء الأرض ۗ أإله مع الله ۚ قليلًا ما تذكرون,قليلًا ما تذكرون,48,تاء,هداية,replacement,,
69:42,Al-Haqqa,69,42,29,ولا بقول كاهنٍ ۚ قليلًا ما تذكرون,قليلًا ما تذكرون,48,تاء,هداية,replacement,,
40:58,Ghafir,40,58,24,وما يستوي الأعمى والبصير والذين آمنوا وعملوا الصالحات ولا المسيء ۚ قليلًا ما تتذكرون,قليلًا ما تتذكرون,48,تاء,هداية,replacement,,
2:88,Al-Baqara,2,88,1,وقالوا قلوبنا غلف ۚ بل لعنهم الله بكفرهم فقليلًا ما يؤمنون,فقليلًا ما يؤمنون,48,تاء,هداية,replacement,,
69:41,Al-Haqqa,69,41,29,وما هو بقول شاعرٍ ۚ قليلًا ما تؤمنون,قليلًا ما تؤمنون,48,تاء,هداية,replacement,,
7:37,Al-A'raf,7,37,8,فمن أظلم ممن افترى على الله كذبًا أو كذب بآياته ۚ أولئك ينالهم نصيبهم من الكتاب ۖ حتى إذا جاءتهم رسلنا يتوفونهم قالوا أين ما كنتم تدعون من دون الله ۖ قالوا ضلوا عنا وشهدوا على أنفسهم أنهم كانوا كافرين,ما كنتم تدعون,49,تاء,هداية,replacement,,
26:75,Ash-Shu'ara,26,75,19,قال أفرأيتم ما كنتم تعبدون,ما كنتم تعبدون,49,تاء,هداية,replacement,,
40:73,Ghafir,40,73,24,ثم قيل لهم أين ما كنتم تشركون,ما كنتم تشركون,49,تاء,هداية,replacement,,
13:5,Ar-Ra'd,13,5,13,وإن تعجب فعجب قولهم أإذا كنا ترابًا أإنا لفي خلقٍ جديدٍ ۗ أولئك الذين كفروا بربهم ۖ وأولئك الأغلال في أعناقهم ۖ وأولئك أصحاب النار ۖ هم فيها خالدون,كنا ترابًا,50,تاء,هداية,addition & subtraction,,
27:67,An-Naml,27,67,20,وقال الذين كفروا أإذا كنا ترابًا وآباؤنا أئنا لمخرجون,كنا ترابًا,50,تاء,هداية,addition & subtraction,,
50:3,Qaf,50,3,26,أإذا متنا وكنا ترابًا ۖ ذلك رجع بعيد,وكنا ترابًا,50,تاء,هداية,addition & subtraction,,
23:82,Al-Mu'minoon,23,82,18,قالوا أإذا متنا وكنا ترابًا وعظامًا أإنا لمبعوثون,وكنا ترابًا وعظامًا,50,تاء,هداية,addition & subtraction,,
37:16,As-Saffat,37,16,23,أإذا متنا وكنا ترابًا وعظامًا أإنا لمبعوثون,وكنا ترابًا وعظامًا,50,تاء,هداية,addition & subtraction,,
37:53,As-Saffat,37,53,23,أإذا متنا وكنا ترابًا وعظامًا أإنا لمدينون,وكنا ترابًا وعظامًا,50,تاء,هداية,addition & subtraction,,
56:47,Al-Waqi'a,56,47,27,وكانوا يقولون أئذا متنا وكنا ترابًا وعظامًا أإنا لمبعوثون,وكنا ترابًا وعظامًا,50,تاء,هداية,addition & subtraction,,
6:11,Al-An'am,6,11,7,قل سيروا في الأرض ثم انظروا كيف كان عاقبة المكذبين,ثم انظروا,51,ثاء,هداية,replacement,,yes
3:137,Al Imran,3,137,4,قد خلت من قبلكم سنن فسيروا في الأرض فانظروا كيف كان عاقبة المكذبين,فانظروا,51,ثاء,هداية,replacement,,
16:36,An-Nahl,16,36,14,ولقد بعثنا في كل أمةٍ رسولًا أن اعبدوا الله واجتنبوا الطاغوت ۖ فمنهم من هدى الله ومنهم من حقت عليه الضلالة ۚ فسيروا في الأرض فانظروا كيف كان عاقبة المكذبين,فانظروا,51,ثاء,هداية,replacement,,
27:69,An-Naml,27,69,20,قل سيروا في الأرض فانظروا كيف كان عاقبة المجرمين,فانظروا,51,ثاء,هداية,replacement,,
29:20,Al-Ankabut,29,20,20,قل سيروا في الأرض فانظروا كيف بدأ الخلق ۚ ثم الله ينشئ النشأة الآخرة ۚ إن الله على كل شيءٍ قدير,فانظروا,51,ثاء,هداية,replacement,,
30:42,Ar-Rum,30,42,21,قل سيروا في الأرض فانظروا كيف كان عاقبة الذين من قبل ۚ كان أكثرهم مشركين,فانظروا,51,ثاء,هداية,replacement,,
7:124,Al-A'raf,7,124,9,لأقطعن أيديكم وأرجلكم من خلافٍ ثم لأصلبنكم أجمعين,ثم لأصلبنكم,52,ثاء,هداية,replacement,,yes
20:71,Ta-Ha,20,71,16,قال آمنتم له قبل أن آذن لكم ۖ إنه لكبيركم الذي علمكم السحر ۖ فلأقطعن أيديكم وأرجلكم من خلافٍ ولأصلبنكم في جذوع النخل ولتعلمن أينا أشد عذابًا وأبقى,ولأصلبنكم,52,ثاء,هداية,replacement,,
26:49,Ash-Shu'ara,26,49,19,قال آمنتم له قبل أن آذن لكم ۖ إنه لكبيركم الذي علمكم السحر فلسوف تعلمون ۚ لأقطعن أيديكم وأرجلكم من خلافٍ ولأصلبنكم أجمعين,ولأصلبنكم,52,ثاء,هداية,replacement,,
9:94,At-Tawba,9,94,11,يعتذرون إليكم إذا رجعتم إليهم ۚ قل لا تعتذروا لن نؤمن لكم قد نبأنا الله من أخباركم ۚ وسيرى الله عملكم ورسوله ثم تردون إلى عالم الغيب والشهادة فينبئكم بما كنتم تعملون,وسيرى، ورسوله، ثم تردون,53,ثاء,هداية,replacement,,
9:105,At-Tawba,9,105,11,وقل اعملوا فسيرى الله عملكم ورسوله والمؤمنون ۖ وستردون إلى عالم الغيب والشهادة فينبئكم بما كنتم تعملون,فسيرى، ورسوله والمؤمنون، وستردون,53,ثاء,هداية,replacement,,
41:52,Fussilat,41,52,25,قل أرأيتم إن كان من عند الله ثم كفرتم به من أضل ممن هو في شقاقٍ بعيدٍ,ثم كفرتم,54,ثاء,هداية,replacement,,
46:10,Al-Ahqaf,46,10,26,قل أرأيتم إن كان من عند الله وكفرتم به وشهد شاهد من بني إسرائيل على مثله فآمن واستكبرتم ۖ إن الله لا يهدي القوم الظالمين,وكفرتم,54,ثاء,هداية,replacement,,
4:40,An-Nisa',4,40,5,إن الله لا يظلم مثقال ذرةٍ ۖ وإن تك حسنةً يضاعفها ويؤت من لدنه أجرًا عظيمًا,تك,55,ثاء,هداية,addition & subtraction,with ن like تكن in all other places,
11:17,Hud,11,17,12,أفمن كان على بينةٍ من ربه ويتلوه شاهد منه ومن قبله كتاب موسى إمامًا ورحمةً ۚ أولئك يؤمنون به ۚ ومن يكفر به من الأحزاب فالنار موعده ۚ فلا تك في مريةٍ منه ۚ إنه الحق من ربك ولكن أكثر الناس لا يؤمنون,تك,55,ثاء,هداية,addition & subtraction,with ن like تكن in all other places,
11:109,Hud,11,109,12,فلا تك في مريةٍ مما يعبد هؤلاء ۚ ما يعبدون إلا كما يعبد آباؤهم من قبل ۚ وإنا لموفوهم نصيبهم غير منقوصٍ,تك,55,ثاء,هداية,addition & subtraction,with ن like تكن in all other places,
16:127,An-Nahl,16,127,14,واصبر وما صبرك إلا بالله ۚ ولا تحزن عليهم ولا تك في ضيقٍ مما يمكرون,تك,55,ثاء,هداية,addition & subtraction,with ن like تكن in all other places,
19:9,Maryam,19,9,16,قال كذلك قال ربك هو علي هين وقد خلقتك من قبل ولم تك شيئًا,تك,55,ثاء,هداية,addition & subtraction,with ن like تكن in all other places,
31:16,Luqman,31,16,21,يا بني إنها إن تك مثقال حبةٍ من خردلٍ فتكن في صخرةٍ أو في السماوات أو في الأرض يأت بها الله ۚ إن الله لطيف خبير,تك,55,ثاء,هداية,addition & subtraction,with ن like تكن in all other places,
40:50,Ghafir,40,50,24,قالوا أولم تك تأتيكم رسلكم بالبينات ۖ قالوا بلى ۚ قالوا فادعوا ۗ وما دعاء الكافرين إلا في ضلالٍ,تك,55,ثاء,هداية,addition & subtraction,with ن like تكن in all other places,
71:15,Nuh,71,15,29,ألم تروا كيف خلق الله سبع سماواتٍ طباقًا,ألم تروا,56,ثاء,هداية,addition & subtraction,without وا like تر in all other places,
31:20,Luqman,31,20,21,ألم تروا أن الله سخر لكم ما في السماوات وما في الأرض وأسبغ عليكم نعمه ظاهرةً وباطنةً ۗ ومن الناس من يجادل في الله بغير علمٍ ولا هدًى ولا كتابٍ منيرٍ,ألم تروا,56,ثاء,هداية,addition & subtraction,without وا like تر in all other places,
3:86,Al Imran,3,86,3,كيف يهدي الله قومًا كفروا بعد إيمانهم وشهدوا أن الرسول حق وجاءهم البينات ۚ والله لا يهدي القوم الظالمين,وجاءهم البينات,57,جيم,هداية,replacement,,
3:105,Al Imran,3,105,4,ولا تكونوا كالذين تفرقوا واختلفوا من بعد ما جاءهم البينات ۚ وأولئك لهم عذاب عظيم,جاءهم البينات,57,جيم,هداية,replacement,,
2:213,Al-Baqara,2,213,2,كان الناس أمةً واحدةً فبعث الله النبيين مبشرين ومنذرين وأنزل معهم الكتاب بالحق ليحكم بين الناس فيما اختلفوا فيه ۚ وما اختلف فيه إلا الذين أوتوه من بعد ما جاءتهم البينات بغيًا بينهم ۖ فهدى الله الذين آمنوا لما اختلفوا فيه من الحق بإذنه ۗ والله يهدي من يشاء إلى صراطٍ مستقيمٍ,جاءتهم البينات,57,جيم,هداية,replacement,,
2:253,Al-Baqara,2,253,3,تلك الرسل فضلنا بعضهم على بعضٍ ۘ منهم من كلم الله ۖ ورفع بعضهم درجاتٍ ۚ وآتينا عيسى ابن مريم البينات وأيدناه بروح القدس ۗ ولو شاء الله ما اقتتل الذين من بعدهم من بعد ما جاءتهم البينات ولكن اختلفوا فمنهم من آمن ومنهم من كفر ۚ ولو شاء الله ما اقتتلوا ولكن الله يفعل ما يريد,جاءتهم البينات,57,جيم,هداية,replacement,,
4:153,An-Nisa',4,153,6,يسألك أهل الكتاب أن تنزل عليهم كتابًا من السماء ۚ فقد سألوا موسى أكبر من ذلك فقالوا أرنا الله جهرةً فأخذتهم الصاعقة بظلمهم ۚ ثم اتخذوا العجل من بعد ما جاءتهم البينات فعفونا عن ذلك ۚ وآتينا موسى سلطانًا مبينًا,جاءتهم البينات,57,جيم,هداية,replacement,,
27:8,An-Naml,27,8,19,فلما جاءها نودي أن بورك من في النار ومن حولها وسبحان الله رب العالمين,جاءها نودي,58,جيم,هداية,replacement,,yes
20:11,Ta-Ha,20,11,16,فلما أتاها نودي يا موسى,أتاها نودي,58,جيم,هداية,replacement,,
28:30,Al-Qasas,28,30,20,فلما أتاها نودي من شاطئ الواد الأيمن في البقعة المباركة من الشجرة أن يا موسى إني أنا الله رب العالمين,أتاها نودي,58,جيم,هداية,replacement,,
39:71,Az-Zumar,39,71,24,وسيق الذين كفروا إلى جهنم زمرًا ۖ حتى إذا جاءوها فتحت أبوابها وقال لهم خزنتها ألم يأتكم رسل منكم يتلون عليكم آيات ربكم وينذرونكم لقاء يومكم هذا ۚ قالوا بلى ولكن حقت كلمة العذاب على الكافرين,حتى إذا جاءوها، فتحت,59,جيم,هداية,addition & subtraction,,
39:73,Az-Zumar,39,73,24,وسيق الذين اتقوا ربهم إلى الجنة زمرًا ۖ حتى إذا جاءوها وفتحت أبوابها وقال لهم خزنتها سلام عليكم طبتم فادخلوها خالدين,حتى إذا جاءوها، وفتحت,59,جيم,هداية,addition & subtraction,,
41:20,Fussilat,41,20,24,حتى إذا ما جاءوها شهد عليهم سمعهم وأبصارهم وجلودهم بما كانوا يعملون,إذا ما جاءوها,59,جيم,هداية,addition & subtraction,,yes
4:6,An-Nisa',4,6,4,وابتلوا اليتامى حتى إذا بلغوا النكاح فإن آنستم منهم رشدًا فادفعوا إليهم أموالهم ۖ ولا تأكلوها إسرافًا وبدارًا أن يكبروا ۚ ومن كان غنيا فليستعفف ۖ ومن كان فقيرًا فليأكل بالمعروف ۚ فإذا دفعتم إليهم أموالهم فأشهدوا عليهم ۚ وكفى بالله حسيبًا,وكفى بالله حسيبًا,60,حاء,هداية,replacement,replaced with different words after وكفى بالله in all other places,
33:39,Al-Ahzab,33,39,22,الذين يبلغون رسالات الله ويخشونه ولا يخشون أحدًا إلا الله ۗ وكفى بالله حسيبًا,وكفى بالله حسيبًا,60,حاء,هداية,replacement,replaced with different words after وكفى بالله in all other places,
15:25,Al-Hijr,15,25,14,وإن ربك هو يحشرهم ۚ إنه حكيم عليم,حكيم عليم,61,حاء,هداية,order change,,
27:6,An-Naml,27,6,19,وإنك لتلقى القرآن من لدن حكيمٍ عليمٍ,حكيمٍ عليمٍ,61,حاء,هداية,order change,,
43:84,Az-Zukhruf,43,84,25,وهو الذي في السماء إله وفي الأرض إله ۚ وهو الحكيم العليم,الحكيم العليم,61,حاء,هداية,order change,,
51:30,Adh-Dhariyat,51,30,26,قالوا كذلك قال ربك ۖ إنه هو الحكيم العليم,الحكيم العليم,61,حاء,هداية,order change,,
6:83,Al-An'am,6,83,7,وتلك حجتنا آتيناها إبراهيم على قومه ۚ نرفع درجاتٍ من نشاء ۗ إن ربك حكيم عليم,حكيم عليم,61,حاء,هداية,order change,,
6:128,Al-An'am,6,128,8,ويوم يحشرهم جميعًا يا معشر الجن قد استكثرتم من الإنس ۖ وقال أولياؤهم من الإنس ربنا استمتع بعضنا ببعضٍ وبلغنا أجلنا الذي أجلت لنا ۚ قال النار مثواكم خالدين فيها إلا ما شاء الله ۗ إن ربك حكيم عليم,حكيم عليم,61,حاء,هداية,order change,,
6:139,Al-An'am,6,139,8,وقالوا ما في بطون هذه الأنعام خالصة لذكورنا ومحرم على أزواجنا ۖ وإن يكن ميتةً فهم فيه شركاء ۚ سيجزيهم وصفهم ۚ إنه حكيم عليم,حكيم عليم,61,حاء,هداية,order change,,
29:8,Al-Ankabut,29,8,20,ووصينا الإنسان بوالديه حسنًا ۖ وإن جاهداك لتشرك بي ما ليس لك به علم فلا تطعهما ۚ إلي مرجعكم فأنبئكم بما كنتم تعملون,الإنسان بوالديه حسنًا,62,حاء,هداية,replacement,,
46:15,Al-Ahqaf,46,15,26,ووصينا الإنسان بوالديه إحسانًا ۖ حملته أمه كرهًا ووضعته كرهًا ۖ وحمله وفصاله ثلاثون شهرًا ۚ حتى إذا بلغ أشده وبلغ أربعين سنةً قال رب أوزعني أن أشكر نعمتك التي أنعمت علي وعلى والدي وأن أعمل صالحًا ترضاه وأصلح لي في ذريتي ۖ إني تبت إليك وإني من المسلمين,الإنسان بوالديه إحسانًا,62,حاء,هداية,replacement,,
31:14,Luqman,31,14,21,ووصينا الإنسان بوالديه حملته أمه وهنًا على وهنٍ وفصاله في عامين أن اشكر لي ولوالديك إلي المصير,الإنسان بوالديه,62,حاء,هداية,replacement,,yes
37:101,As-Saffat,37,101,23,فبشرناه بغلامٍ حليمٍ,بغلامٍ حليمٍ,63,حاء,هداية,replacement,,yes
15:53,Al-Hijr,15,53,14,قالوا لا توجل إنا نبشرك بغلامٍ عليمٍ,بغلامٍ عليمٍ,63,حاء,هداية,replacement,,
51:28,Adh-Dhariyat,51,28,26,فأوجس منهم خيفةً ۖ قالوا لا تخف ۖ وبشروه بغلامٍ عليمٍ,بغلامٍ عليمٍ,63,حاء,هداية,replacement,,
52:45,At-Tur,52,45,27,فذرهم حتى يلاقوا يومهم الذي فيه يصعقون,فذرهم حتى يلاقوا، يصعقون,64,حاء,هداية,multiple differences,,yes
43:83,Az-Zukhruf,43,83,25,فذرهم يخوضوا ويلعبوا حتى يلاقوا يومهم الذي يوعدون,فذرهم يخوضوا ويلعبوا حتى يلاقوا، يوعدون,64,حاء,هداية,multiple differences,,
70:42,Al-Ma'arij,70,42,29,فذرهم يخوضوا ويلعبوا حتى يلاقوا يومهم الذي يوعدون,فذرهم يخوضوا ويلعبوا حتى يلاقوا، يوعدون,64,حاء,هداية,multiple differences,,
6:102,Al-An'am,6,102,7,ذلكم الله ربكم ۖ لا إله إلا هو ۖ خالق كل شيءٍ فاعبدوه ۚ وهو على كل شيءٍ وكيل,لا إله إلا هو خالق كل شيءٍ,65,خاء,هداية,order change,,
40:62,Ghafir,40,62,24,ذلكم الله ربكم خالق كل شيءٍ لا إله إلا هو ۖ فأنى تؤفكون,خالق كل شيءٍ لا إله إلا هو,65,خاء,هداية,order change,,
17:31,Al-Isra',17,31,15,ولا تقتلوا أولادكم خشية إملاقٍ ۖ نحن نرزقهم وإياكم ۚ إن قتلهم كان خطئًا كبيرًا,خشية إملاقٍ,66,خاء,هداية,replacement,,
6:151,Al-An'am,6,151,8,قل تعالوا أتل ما حرم ربكم عليكم ۖ ألا تشركوا به شيئًا ۖ وبالوالدين إحسانًا ۖ ولا تقتلوا أولادكم من إملاقٍ ۖ نحن نرزقكم وإياهم ۖ ولا تقربوا الفواحش ما ظهر منها وما بطن ۖ ولا تقتلوا النفس التي حرم الله إلا بالحق ۚ ذلكم وصاكم به لعلكم تعقلون,من إملاقٍ,66,خاء,هداية,replacement,,
21:70,Al-Anbiya',21,70,17,وأرادوا به كيدًا فجعلناهم الأخسرين,فجعلناهم الأخسرين,67,خاء,هداية,replacement,,yes
37:98,As-Saffat,37,98,23,فأرادوا به كيدًا فجعلناهم الأسفلين,فجعلناهم الأسفلين,67,خاء,هداية,replacement,,yes
6:160,Al-An'am,6,160,8,من جاء بالحسنة فله عشر أمثالها ۖ ومن جاء بالسيئة فلا يجزى إلا مثلها وهم لا يظلمون,من جاء بالحسنة فله عشر,68,خاء,هداية,replacement,,yes
27:89,An-Naml,27,89,20,من جاء بالحسنة فله خير منها وهم من فزعٍ يومئذٍ آمنون,من جاء بالحسنة فله خير,68,خاء,هداية,replacement,,
28:84,Al-Qasas,28,84,20,من جاء بالحسنة فله خير منها ۖ ومن جاء بالسيئة فلا يجزى الذين عملوا السيئات إلا ما كانوا يعملون,من جاء بالحسنة فله خير,68,خاء,هداية,replacement,,
7:205,Al-A'raf,7,205,9,واذكر ربك في نفسك تضرعًا وخيفةً ودون الجهر من القول بالغدو والآصال ولا تكن من الغافلين,تضرعًا وخيفةً,69,خاء,هداية,replacement,,yes
6:63,Al-An'am,6,63,7,قل من ينجيكم من ظلمات البر والبحر تدعونه تضرعًا وخفيةً لئن أنجانا من هذه لنكونن من الشاكرين,تضرعًا وخفيةً,69,خاء,هداية,replacement,,
7:55,Al-A'raf,7,55,8,ادعوا ربكم تضرعًا وخفيةً ۚ إنه لا يحب المعتدين,تضرعًا وخفيةً,69,خاء,هداية,replacement,,
40:11,Ghafir,40,11,24,قالوا ربنا أمتنا اثنتين وأحييتنا اثنتين فاعترفنا بذنوبنا فهل إلى خروجٍ من سبيلٍ,خروجٍ من سبيلٍ,70,خاء,هداية,replacement,,yes
42:44,Ash-Shura,42,44,25,ومن يضلل الله فما له من ولي من بعده ۗ وترى الظالمين لما رأوا العذاب يقولون هل إلى مرد من سبيلٍ,مرد من سبيلٍ,70,خاء,هداية,replacement,,yes
11:67,Hud,11,67,12,وأخذ الذين ظلموا الصيحة فأصبحوا في ديارهم جاثمين,ديارهم جاثمين,71,دال,هداية,replacement,,
11:94,Hud,11,94,12,ولما جاء أمرنا نجينا شعيبًا والذين آمنوا معه برحمةٍ منا وأخذت الذين ظلموا الصيحة فأصبحوا في ديارهم جاثمين,ديارهم جاثمين,71,دال,هداية,replacement,,
7:78,Al-A'raf,7,78,8,فأخذتهم الرجفة فأصبحوا في دارهم جاثمين,دارهم جاثمين,71,دال,هداية,replacement,,
7:91,Al-A'raf,7,91,9,فأخذتهم الرجفة فأصبحوا في دارهم جاثمين,دارهم جاثمين,71,دال,هداية,replacement,,
29:37,Al-Ankabut,29,37,20,فكذبوه فأخذتهم الرجفة فأصبحوا في دارهم جاثمين,دارهم جاثمين,71,دال,هداية,replacement,,
16:35,An-Nahl,16,35,14,وقال الذين أشركوا لو شاء الله ما عبدنا من دونه من شيءٍ نحن ولا آباؤنا ولا حرمنا من دونه من شيءٍ ۚ كذلك فعل الذين من قبلهم ۚ فهل على الرسل إلا البلاغ المبين,ولا حرمنا من دونه من شيءٍ,72,دال,هداية,addition & subtraction,,
6:148,Al-An'am,6,148,8,سيقول الذين أشركوا لو شاء الله ما أشركنا ولا آباؤنا ولا حرمنا من شيءٍ ۚ كذلك كذب الذين من قبلهم حتى ذاقوا بأسنا ۗ قل هل عندكم من علمٍ فتخرجوه لنا ۖ إن تتبعون إلا الظن وإن أنتم إلا تخرصون,ولا حرمنا من شيءٍ,72,دال,هداية,addition & subtraction,,
39:49,Az-Zumar,39,49,24,فإذا مس الإنسان ضر دعانا ثم إذا خولناه نعمةً منا قال إنما أوتيته على علمٍ ۚ بل هي فتنة ولكن أكثرهم لا يعلمون,ضر دعانا,73,دال,هداية,replacement,,yes
39:8,Az-Zumar,39,8,23,وإذا مس الإنسان ضر دعا ربه منيبًا إليه ثم إذا خوله نعمةً منه نسي ما كان يدعو إليه من قبل وجعل لله أندادًا ليضل عن سبيله ۚ قل تمتع بكفرك قليلًا ۖ إنك من أصحاب النار,ضر دعا,73,دال,هداية,replacement,,yes
6:90,Al-An'am,6,90,7,أولئك الذين هدى الله ۖ فبهداهم اقتده ۗ قل لا أسألكم عليه أجرًا ۖ إن هو إلا ذكرى للعالمين,إن هو إلا ذكرى للعالمين,74,ذال,هداية,replacement,,yes
12:104,Yusuf,12,104,13,وما تسألهم عليه من أجرٍ ۚ إن هو إلا ذكر للعالمين,إن هو إلا ذكر للعالمين,74,ذال,هداية,replacement,,
38:87,Sad,38,87,23,إن هو إلا ذكر للعالمين,إن هو إلا ذكر للعالمين,74,ذال,هداية,replacement,,
81:27,At-Takwir,81,27,30,إن هو إلا ذكر للعالمين,إن هو إلا ذكر للعالمين,74,ذال,هداية,replacement,,
37:85,As-Saffat,37,85,23,إذ قال لأبيه وقومه ماذا تعبدون,إذ قال لأبيه وقومه ماذا تعبدون,75,ذال,هداية,addition & subtraction,,yes
26:70,Ash-Shu'ara,26,70,19,إذ قال لأبيه وقومه ما تعبدون,إذ قال لأبيه وقومه ما تعبدون,75,ذال,هداية,addition & subtraction,,yes
5:32,Al-Ma'ida,5,32,6,من أجل ذلك كتبنا على بني إسرائيل أنه من قتل نفسًا بغير نفسٍ أو فسادٍ في الأرض فكأنما قتل الناس جميعًا ومن أحياها فكأنما أحيا الناس جميعًا ۚ ولقد جاءتهم رسلنا بالبينات ثم إن كثيرًا منهم بعد ذلك في الأرض لمسرفون,ولقد جاءتهم رسلنا,76,راء,هداية,replacement,replaced with رسلهم and الرسل after جاءتهم in all other places,yes
8:4,Al-Anfal,8,4,9,أولئك هم المؤمنون حقا ۚ لهم درجات عند ربهم ومغفرة ورزق كريم,رزق كريم,77,راء,هداية,replacement,,
8:74,Al-Anfal,8,74,10,والذين آمنوا وهاجروا وجاهدوا في سبيل الله والذين آووا ونصروا أولئك هم المؤمنون حقا ۚ لهم مغفرة ورزق كريم,رزق كريم,77,راء,هداية,replacement,,
22:50,Al-Hajj,22,50,17,فالذين آمنوا وعملوا الصالحات لهم مغفرة ورزق كريم,رزق كريم,77,راء,هداية,replacement,,
24:26,An-Nur,24,26,18,الخبيثات للخبيثين والخبيثون للخبيثات ۖ والطيبات للطيبين والطيبون للطيبات ۚ أولئك مبرءون مما يقولون ۖ لهم مغفرة ورزق كريم,رزق كريم,77,راء,هداية,replacement,,
34:4,Saba',34,4,22,ليجزي الذين آمنوا وعملوا الصالحات ۚ أولئك لهم مغفرة ورزق كريم,رزق كريم,77,راء,هداية,replacement,,
36:11,Ya Seen,36,11,22,إنما تنذر من اتبع الذكر وخشي الرحمن بالغيب ۖ فبشره بمغفرةٍ وأجرٍ كريمٍ,أجرٍ كريمٍ,77,راء,هداية,replacement,,
57:11,Al-Hadid,57,11,27,من ذا الذي يقرض الله قرضًا حسنًا فيضاعفه له وله أجر كريم,أجر كريم,77,راء,هداية,replacement,,
57:18,Al-Hadid,57,18,27,إن المصدقين والمصدقات وأقرضوا الله قرضًا حسنًا يضاعف لهم ولهم أجر كريم,أجر كريم,77,راء,هداية,replacement,,
28:13,Al-Qasas,28,13,20,فرددناه إلى أمه كي تقر عينها ولا تحزن ولتعلم أن وعد الله حق ولكن أكثرهم لا يعلمون,رددناه,78,راء,هداية,replacement,,
18:36,Al-Kahf,18,36,15,وما أظن الساعة قائمةً ولئن رددت إلى ربي لأجدن خيرًا منها منقلبًا,رددت,78,راء,هداية,replacement,,
41:50,Fussilat,41,50,25,ولئن أذقناه رحمةً منا من بعد ضراء مسته ليقولن هذا لي وما أظن الساعة قائمةً ولئن رجعت إلى ربي إن لي عنده للحسنى ۚ فلننبئن الذين كفروا بما عملوا ولنذيقنهم من عذابٍ غليظٍ,رجعت,78,راء,هداية,replacement,,
20:40,Ta-Ha,20,40,16,إذ تمشي أختك فتقول هل أدلكم على من يكفله ۖ فرجعناك إلى أمك كي تقر عينها ولا تحزن ۚ وقتلت نفسًا فنجيناك من الغم وفتناك فتونًا ۚ فلبثت سنين في أهل مدين ثم جئت على قدرٍ يا موسى,فرجعناك,78,راء,هداية,replacement,,
28:20,Al-Qasas,28,20,20,وجاء رجل من أقصى المدينة يسعى قال يا موسى إن الملأ يأتمرون بك ليقتلوك فاخرج إني لك من الناصحين,رجل من أقصى المدينة,79,راء,هداية,order change,,
36:20,Ya Seen,36,20,22,وجاء من أقصى المدينة رجل يسعى قال يا قوم اتبعوا المرسلين,من أقصى المدينة رجل,79,راء,هداية,order change,,
38:9,Sad,38,9,23,أم عندهم خزائن رحمة ربك العزيز الوهاب,خزائن رحمة ربك,80,راء,هداية,addition & subtraction,,
52:37,At-Tur,52,37,27,أم عندهم خزائن ربك أم هم المصيطرون,خزائن ربك,80,راء,هداية,addition & subtraction,,
7:134,Al-A'raf,7,134,9,ولما وقع عليهم الرجز قالوا يا موسى ادع لنا ربك بما عهد عندك ۖ لئن كشفت عنا الرجز لنؤمنن لك ولنرسلن معك بني إسرائيل,الرجز,81,راء,هداية,replacement,replaced with with العذاب in some other places,
7:135,Al-A'raf,7,135,9,فلما كشفنا عنهم الرجز إلى أجلٍ هم بالغوه إذا هم ينكثون,الرجز,81,راء,هداية,replacement,replaced with with العذاب in some other places,
74:5,Al-Muddathir,74,5,29,والرجز فاهجر,الرجز,81,راء,هداية,replacement,replaced with with العذاب in some other places,
43:50,Az-Zukhruf,43,50,25,فلما كشفنا عنهم العذاب إذا هم ينكثون,العذاب,81,راء,هداية,replacement,replaced with with العذاب in some other places,
23:53,Al-Mu'minoon,23,53,18,فتقطعوا أمرهم بينهم زبرًا ۖ كل حزبٍ بما لديهم فرحون,تقطعوا أمرهم بينهم زبرًا,82,زاي,هداية,addition & subtraction,,yes
21:93,Al-Anbiya',21,93,17,وتقطعوا أمرهم بينهم ۖ كل إلينا راجعون,تقطعوا أمرهم بينهم,82,زاي,هداية,addition & subtraction,,yes
26:57,Ash-Shu'ara,26,57,19,فأخرجناهم من جناتٍ وعيونٍ,وعيونٍ,83,زاي,هداية,replacement,,yes
26:58,Ash-Shu'ara,26,58,19,وكنوزٍ ومقامٍ كريمٍ,وكنوزٍ,83,زاي,هداية,replacement,,yes
26:147,Ash-Shu'ara,26,147,19,في جناتٍ وعيونٍ,وعيونٍ,83,زاي,هداية,replacement,,
26:148,Ash-Shu'ara,26,148,19,وزروعٍ ونخلٍ طلعها هضيم,وزروعٍ,83,زاي,هداية,replacement,,
44:25,Ad-Dukhan,44,25,25,كم تركوا من جناتٍ وعيونٍ,وعيونٍ,83,زاي,هداية,replacement,,
44:26,Ad-Dukhan,44,26,25,وزروعٍ ومقامٍ كريمٍ,وزروعٍ,83,زاي,هداية,replacement,,
4:152,An-Nisa',4,152,6,والذين آمنوا بالله ورسله ولم يفرقوا بين أحدٍ منهم أولئك سوف يؤتيهم أجورهم ۗ وكان الله غفورًا رحيمًا,أولئك سوف يؤتيهم,84,سين,هداية,replacement,,
4:162,An-Nisa',4,162,6,لكن الراسخون في العلم منهم والمؤمنون يؤمنون بما أنزل إليك وما أنزل من قبلك ۚ والمقيمين الصلاة ۚ والمؤتون الزكاة والمؤمنون بالله واليوم الآخر أولئك سنؤتيهم أجرًا عظيمًا,أولئك سنؤتيهم,84,سين,هداية,replacement,,
11:93,Hud,11,93,12,ويا قوم اعملوا على مكانتكم إني عامل ۖ سوف تعلمون من يأتيه عذاب يخزيه ومن هو كاذب ۖ وارتقبوا إني معكم رقيب,إني عامل سوف,85,سين,هداية,replacement,,yes
6:135,Al-An'am,6,135,8,قل يا قوم اعملوا على مكانتكم إني عامل ۖ فسوف تعلمون من تكون له عاقبة الدار ۗ إنه لا يفلح الظالمون,إني عامل فسوف,85,سين,هداية,replacement,,
39:39,Az-Zumar,39,39,24,قل يا قوم اعملوا على مكانتكم إني عامل ۖ فسوف تعلمون,إني عامل فسوف,85,سين,هداية,replacement,,
27:7,An-Naml,27,7,19,إذ قال موسى لأهله إني آنست نارًا سآتيكم منها بخبرٍ أو آتيكم بشهابٍ قبسٍ لعلكم تصطلون,سآتيكم,86,سين,هداية,replacement,,
20:10,Ta-Ha,20,10,16,إذ رأى نارًا فقال لأهله امكثوا إني آنست نارًا لعلي آتيكم منها بقبسٍ أو أجد على النار هدًى,لعلي آتيكم,86,سين,هداية,replacement,,
28:29,Al-Qasas,28,29,20,فلما قضى موسى الأجل وسار بأهله آنس من جانب الطور نارًا قال لأهله امكثوا إني آنست نارًا لعلي آتيكم منها بخبرٍ أو جذوةٍ من النار لعلكم تصطلون,لعلي آتيكم,86,سين,هداية,replacement,,
2:176,Al-Baqara,2,176,2,ذلك بأن الله نزل الكتاب بالحق ۗ وإن الذين اختلفوا في الكتاب لفي شقاقٍ بعيدٍ,لفي شقاقٍ بعيدٍ,87,شين,هداية,replacement,,
22:53,Al-Hajj,22,53,17,ليجعل ما يلقي الشيطان فتنةً للذين في قلوبهم مرض والقاسية قلوبهم ۗ وإن الظالمين لفي شقاقٍ بعيدٍ,لفي شقاقٍ بعيدٍ,87,شين,هداية,replacement,,
41:52,Fussilat,41,52,25,قل أرأيتم إن كان من عند الله ثم كفرتم به من أضل ممن هو في شقاقٍ بعيدٍ,في شقاقٍ بعيدٍ,87,شين,هداية,replacement,,
14:3,Ibrahim,14,3,13,الذين يستحبون الحياة الدنيا على الآخرة ويصدون عن سبيل الله ويبغونها عوجًا ۚ أولئك في ضلالٍ بعيدٍ,في ضلالٍ بعيدٍ,87,شين,هداية,replacement,,
42:18,Ash-Shura,42,18,25,يستعجل بها الذين لا يؤمنون بها ۖ والذين آمنوا مشفقون منها ويعلمون أنها الحق ۗ ألا إن الذين يمارون في الساعة لفي ضلالٍ بعيدٍ,لفي ضلالٍ بعيدٍ,87,شين,هداية,replacement,,
50:27,Qaf,50,27,26,قال قرينه ربنا ما أطغيته ولكن كان في ضلالٍ بعيدٍ,في ضلالٍ بعيدٍ,87,شين,هداية,replacement,,
2:143,Al-Baqara,2,143,2,وكذلك جعلناكم أمةً وسطًا لتكونوا شهداء على الناس ويكون الرسول عليكم شهيدًا ۗ وما جعلنا القبلة التي كنت عليها إلا لنعلم من يتبع الرسول ممن ينقلب على عقبيه ۚ وإن كانت لكبيرةً إلا على الذين هدى الله ۗ وما كان الله ليضيع إيمانكم ۚ إن الله بالناس لرءوف رحيم,الرسول عليكم شهيدًا,88,شين,هداية,order change,,
22:78,Al-Hajj,22,78,17,وجاهدوا في الله حق جهاده ۚ هو اجتباكم وما جعل عليكم في الدين من حرجٍ ۚ ملة أبيكم إبراهيم ۚ هو سماكم المسلمين من قبل وفي هذا ليكون الرسول شهيدًا عليكم وتكونوا شهداء على الناس ۚ فأقيموا الصلاة وآتوا الزكاة واعتصموا بالله هو مولاكم ۖ فنعم المولى ونعم النصير,الرسول شهيدًا عليكم,88,شين,هداية,order change,,
4:41,An-Nisa',4,41,5,فكيف إذا جئنا من كل أمةٍ بشهيدٍ وجئنا بك على هؤلاء شهيدًا,على هؤلاء شهيدًا,89,شين,هداية,order change,,
16:89,An-Nahl,16,89,14,ويوم نبعث في كل أمةٍ شهيدًا عليهم من أنفسهم ۖ وجئنا بك شهيدًا على هؤلاء ۚ ونزلنا عليك الكتاب تبيانًا لكل شيءٍ وهدًى ورحمةً وبشرى للمسلمين,شهيدًا على هؤلاء,89,شين,هداية,order change,,
3:29,Al Imran,3,29,3,قل إن تخفوا ما في صدوركم أو تبدوه يعلمه الله ۗ ويعلم ما في السماوات وما في الأرض ۗ والله على كل شيءٍ قدير,تخفوا ما في صدوركم أو تبدوه,90,صاد,هداية,multiple differences,,
2:284,Al-Baqara,2,284,3,لله ما في السماوات وما في الأرض ۗ وإن تبدوا ما في أنفسكم أو تخفوه يحاسبكم به الله ۖ فيغفر لمن يشاء ويعذب من يشاء ۗ والله على كل شيءٍ قدير,تبدوا ما في أنفسكم أو تخفوه,90,صاد,هداية,multiple differences,,
25:70,Al-Furqan,25,70,19,إلا من تاب وآمن وعمل عملًا صالحًا فأولئك يبدل الله سيئاتهم حسناتٍ ۗ وكان الله غفورًا رحيمًا,عمل عملًا صالحًا,91,صاد,هداية,addition & subtraction,without عملًا in all other places,yes
28:27,Al-Qasas,28,27,20,قال إني أريد أن أنكحك إحدى ابنتي هاتين على أن تأجرني ثماني حججٍ ۖ فإن أتممت عشرًا فمن عندك ۖ وما أريد أن أشق عليك ۚ ستجدني إن شاء الله من الصالحين,إن شاء الله من الصالحين,92,صاد,هداية,replacement,,
37:102,As-Saffat,37,102,23,فلما بلغ معه السعي قال يا بني إني أرى في المنام أني أذبحك فانظر ماذا ترى ۚ قال يا أبت افعل ما تؤمر ۖ ستجدني إن شاء الله من الصابرين,إن شاء الله من الصابرين,92,صاد,هداية,replacement,,
42:18,Ash-Shura,42,18,25,يستعجل بها الذين لا يؤمنون بها ۖ والذين آمنوا مشفقون منها ويعلمون أنها الحق ۗ ألا إن الذين يمارون في الساعة لفي ضلالٍ بعيدٍ,ضلالٍ بعيدٍ,93,ضاد,هداية,replacement,replaced with مبين or كبير after ضلال in all other places,
14:3,Ibrahim,14,3,13,الذين يستحبون الحياة الدنيا على الآخرة ويصدون عن سبيل الله ويبغونها عوجًا ۚ أولئك في ضلالٍ بعيدٍ,ضلالٍ بعيدٍ,93,ضاد,هداية,replacement,replaced with مبين or كبير after ضلال in all other places,
50:27,Qaf,50,27,26,قال قرينه ربنا ما أطغيته ولكن كان في ضلالٍ بعيدٍ,ضلالٍ بعيدٍ,93,ضاد,هداية,replacement,replaced with مبين or كبير after ضلال in all other places,
9:108,At-Tawba,9,108,11,لا تقم فيه أبدًا ۚ لمسجد أسس على التقوى من أول يومٍ أحق أن تقوم فيه ۚ فيه رجال يحبون أن يتطهروا ۚ والله يحب المطهرين,يحب المطهرين,94,طاء,هداية,replacement,,yes
2:222,Al-Baqara,2,222,2,ويسألونك عن المحيض ۖ قل هو أذًى فاعتزلوا النساء في المحيض ۖ ولا تقربوهن حتى يطهرن ۖ فإذا تطهرن فأتوهن من حيث أمركم الله ۚ إن الله يحب التوابين ويحب المتطهرين,يحب المتطهرين,94,طاء,هداية,replacement,,yes
18:82,Al-Kahf,18,82,16,وأما الجدار فكان لغلامين يتيمين في المدينة وكان تحته كنز لهما وكان أبوهما صالحًا فأراد ربك أن يبلغا أشدهما ويستخرجا كنزهما رحمةً من ربك ۚ وما فعلته عن أمري ۚ ذلك تأويل ما لم تسطع عليه صبرًا,تسطع,95,طاء,هداية,replacement,,yes
18:78,Al-Kahf,18,78,16,قال هذا فراق بيني وبينك ۚ سأنبئك بتأويل ما لم تستطع عليه صبرًا,تستطع,95,طاء,هداية,replacement,,yes
18:97,Al-Kahf,18,97,16,فما اسطاعوا أن يظهروه وما استطاعوا له نقبًا,اسطاعوا، استطاعوا,96,طاء,هداية,replacement,,
2:162,Al-Baqara,2,162,2,خالدين فيها ۖ لا يخفف عنهم العذاب ولا هم ينظرون,ولا هم ينظرون,97,ظاء,هداية,replacement,replaced with ينصرون after ولا هم in all other places,
3:88,Al Imran,3,88,3,خالدين فيها لا يخفف عنهم العذاب ولا هم ينظرون,ولا هم ينظرون,97,ظاء,هداية,replacement,replaced with ينصرون after ولا هم in all other places,
16:85,An-Nahl,16,85,14,وإذا رأى الذين ظلموا العذاب فلا يخفف عنهم ولا هم ينظرون,ولا هم ينظرون,97,ظاء,هداية,replacement,replaced with ينصرون after ولا هم in all other places,
21:40,Al-Anbiya',21,40,17,بل تأتيهم بغتةً فتبهتهم فلا يستطيعون ردها ولا هم ينظرون,ولا هم ينظرون,97,ظاء,هداية,replacement,replaced with ينصرون after ولا هم in all other places,
32:29,As-Sajda,32,29,21,قل يوم الفتح لا ينفع الذين كفروا إيمانهم ولا هم ينظرون,ولا هم ينظرون,97,ظاء,هداية,replacement,replaced with ينصرون after ولا هم in all other places,
6:21,Al-An'am,6,21,7,ومن أظلم ممن افترى على الله كذبًا أو كذب بآياته ۗ إنه لا يفلح الظالمون,لا يفلح الظالمون,98,ظاء,هداية,replacement,,
6:135,Al-An'am,6,135,8,قل يا قوم اعملوا على مكانتكم إني عامل ۖ فسوف تعلمون من تكون له عاقبة الدار ۗ إنه لا يفلح الظالمون,لا يفلح الظالمون,98,ظاء,هداية,replacement,,
12:23,Yusuf,12,23,12,وراودته التي هو في بيتها عن نفسه وغلقت الأبواب وقالت هيت لك ۚ قال معاذ الله ۖ إنه ربي أحسن مثواي ۖ إنه لا يفلح الظالمون,لا يفلح الظالمون,98,ظاء,هداية,replacement,,
28:37,Al-Qasas,28,37,20,وقال موسى ربي أعلم بمن جاء بالهدى من عنده ومن تكون له عاقبة الدار ۖ إنه لا يفلح الظالمون,لا يفلح الظالمون,98,ظاء,هداية,replacement,,
23:117,Al-Mu'minoon,23,117,18,ومن يدع مع الله إلهًا آخر لا برهان له به فإنما حسابه عند ربه ۚ إنه لا يفلح الكافرون,لا يفلح الكافرون,98,ظاء,هداية,replacement,,
28:82,Al-Qasas,28,82,20,وأصبح الذين تمنوا مكانه بالأمس يقولون ويكأن الله يبسط الرزق لمن يشاء من عباده ويقدر ۖ لولا أن من الله علينا لخسف بنا ۖ ويكأنه لا يفلح الكافرون,لا يفلح الكافرون,98,ظاء,هداية,replacement,,
2:125,Al-Baqara,2,125,1,وإذ جعلنا البيت مثابةً للناس وأمنًا واتخذوا من مقام إبراهيم مصلى ۖ وعهدنا إلى إبراهيم وإسماعيل أن طهرا بيتي للطائفين والعاكفين والركع السجود,للطائفين والعاكفين,99,عين,هداية,replacement,,
22:26,Al-Hajj,22,26,17,وإذ بوأنا لإبراهيم مكان البيت أن لا تشرك بي شيئًا وطهر بيتي للطائفين والقائمين والركع السجود,للطائفين والقائمين,99,عين,هداية,replacement,,
12:6,Yusuf,12,6,12,وكذلك يجتبيك ربك ويعلمك من تأويل الأحاديث ويتم نعمته عليك وعلى آل يعقوب كما أتمها على أبويك من قبل إبراهيم وإسحاق ۚ إن ربك عليم حكيم,عليم حكيم,100,عين,هداية,order change,,yes
12:83,Yusuf,12,83,13,قال بل سولت لكم أنفسكم أمرًا ۖ فصبر جميل ۖ عسى الله أن يأتيني بهم جميعًا ۚ إنه هو العليم الحكيم,العليم الحكيم,100,عين,هداية,order change,,
12:100,Yusuf,12,100,13,ورفع أبويه على العرش وخروا له سجدًا ۖ وقال يا أبت هذا تأويل رؤياي من قبل قد جعلها ربي حقا ۖ وقد أحسن بي إذ أخرجني من السجن وجاء بكم من البدو من بعد أن نزغ الشيطان بيني وبين إخوتي ۚ إن ربي لطيف لما يشاء ۚ إنه هو العليم الحكيم,العليم الحكيم,100,عين,هداية,order change,,
16:111,An-Nahl,16,111,14,يوم تأتي كل نفسٍ تجادل عن نفسها وتوفى كل نفسٍ ما عملت وهم لا يظلمون,كل نفسٍ ما عملت,101,عين,هداية,replacement,,
39:70,Az-Zumar,39,70,24,ووفيت كل نفسٍ ما عملت وهو أعلم بما يفعلون,كل نفسٍ ما عملت,101,عين,هداية,replacement,,
2:281,Al-Baqara,2,281,3,واتقوا يومًا ترجعون فيه إلى الله ۖ ثم توفى كل نفسٍ ما كسبت وهم لا يظلمون,كل نفسٍ ما كسبت,101,عين,هداية,replacement,,ذُكِرت تبديلاتها في حرف الكاف (كسبت)
3:25,Al Imran,3,25,3,فكيف إذا جمعناهم ليومٍ لا ريب فيه ووفيت كل نفسٍ ما كسبت وهم لا يظلمون,كل نفسٍ ما كسبت,101,عين,هداية,replacement,,ذُكِرت تبديلاتها في حرف الكاف (كسبت)
3:161,Al Imran,3,161,4,وما كان لنبي أن يغل ۚ ومن يغلل يأت بما غل يوم القيامة ۚ ثم توفى كل نفسٍ ما كسبت وهم لا يظلمون,كل نفسٍ ما كسبت,101,عين,هداية,replacement,,ذُكِرت تبديلاتها في حرف الكاف (كسبت)
14:51,Ibrahim,14,51,13,ليجزي الله كل نفسٍ ما كسبت ۚ إن الله سريع الحساب,كل نفسٍ ما كسبت,101,عين,هداية,replacement,,ذُكِرت تبديلاتها في حرف الكاف (كسبت)
16:34,An-Nahl,16,34,14,فأصابهم سيئات ما عملوا وحاق بهم ما كانوا به يستهزئون,سيئات ما عملوا,102,عين,هداية,replacement,,
45:33,Al-Jathiya,45,33,25,وبدا لهم سيئات ما عملوا وحاق بهم ما كانوا به يستهزئون,سيئات ما عملوا,102,عين,هداية,replacement,,
39:48,Az-Zumar,39,48,24,وبدا لهم سيئات ما كسبوا وحاق بهم ما كانوا به يستهزئون,سيئات ما كسبوا,102,عين,هداية,replacement,,
39:51,Az-Zumar,39,51,24,فأصابهم سيئات ما كسبوا ۚ والذين ظلموا من هؤلاء سيصيبهم سيئات ما كسبوا وما هم بمعجزين,سيئات ما كسبوا,102,عين,هداية,replacement,,
21:84,Al-Anbiya',21,84,17,فاستجبنا له فكشفنا ما به من ضر ۖ وآتيناه أهله ومثلهم معهم رحمةً من عندنا وذكرى للعابدين,أهله ومثلهم معهم رحمةً من عندنا,103,عين,هداية,replacement,,
38:43,Sad,38,43,23,ووهبنا له أهله ومثلهم معهم رحمةً منا وذكرى لأولي الألباب,أهله ومثلهم معهم رحمةً منا,103,عين,هداية,replacement,,
21:25,Al-Anbiya',21,25,17,وما أرسلنا من قبلك من رسولٍ إلا نوحي إليه أنه لا إله إلا أنا فاعبدون,فاعبدون,104,عين,هداية,replacement,replaced with فارهبون or فاتقون in all other places,
21:92,Al-Anbiya',21,92,17,إن هذه أمتكم أمةً واحدةً وأنا ربكم فاعبدون,فاعبدون,104,عين,هداية,replacement,replaced with فارهبون or فاتقون in all other places,
29:56,Al-Ankabut,29,56,21,يا عبادي الذين آمنوا إن أرضي واسعة فإياي فاعبدون,فاعبدون,104,عين,هداية,replacement,replaced with فارهبون or فاتقون in all other places,
31:15,Luqman,31,15,21,وإن جاهداك على أن تشرك بي ما ليس لك به علم فلا تطعهما ۖ وصاحبهما في الدنيا معروفًا ۖ واتبع سبيل من أناب إلي ۚ ثم إلي مرجعكم فأنبئكم بما كنتم تعملون,على أن تشرك,105,عين,هداية,replacement,,
29:8,Al-Ankabut,29,8,20,ووصينا الإنسان بوالديه حسنًا ۖ وإن جاهداك لتشرك بي ما ليس لك به علم فلا تطعهما ۚ إلي مرجعكم فأنبئكم بما كنتم تعملون,لتشرك,105,عين,هداية,replacement,,
51:15,Adh-Dhariyat,51,15,26,إن المتقين في جناتٍ وعيونٍ,إن المتقين في جناتٍ وعيونٍ,106,عين,هداية,replacement,,
52:17,At-Tur,52,17,27,إن المتقين في جناتٍ ونعيمٍ,إن المتقين في جناتٍ ونعيمٍ,106,عين,هداية,replacement,,
2:225,Al-Baqara,2,225,2,لا يؤاخذكم الله باللغو في أيمانكم ولكن يؤاخذكم بما كسبت قلوبكم ۗ والله غفور حليم,غفور حليم,107,غين,هداية,replacement,replaced with غفور رحيم or غفور شكور in all other places,
2:235,Al-Baqara,2,235,2,ولا جناح عليكم فيما عرضتم به من خطبة النساء أو أكننتم في أنفسكم ۚ علم الله أنكم ستذكرونهن ولكن لا تواعدوهن سرا إلا أن تقولوا قولًا معروفًا ۚ ولا تعزموا عقدة النكاح حتى يبلغ الكتاب أجله ۚ واعلموا أن الله يعلم ما في أنفسكم فاحذروه ۚ واعلموا أن الله غفور حليم,غفور حليم,107,غين,هداية,replacement,replaced with غفور رحيم or غفور شكور in all other places,
3:155,Al Imran,3,155,4,إن الذين تولوا منكم يوم التقى الجمعان إنما استزلهم الشيطان ببعض ما كسبوا ۖ ولقد عفا الله عنهم ۗ إن الله غفور حليم,غفور حليم,107,غين,هداية,replacement,replaced with غفور رحيم or غفور شكور in all other places,
5:101,Al-Ma'ida,5,101,7,يا أيها الذين آمنوا لا تسألوا عن أشياء إن تبد لكم تسؤكم وإن تسألوا عنها حين ينزل القرآن تبد لكم عفا الله عنها ۗ والله غفور حليم,غفور حليم,107,غين,هداية,replacement,replaced with غفور رحيم or غفور شكور in all other places,
6:133,Al-An'am,6,133,8,وربك الغني ذو الرحمة ۚ إن يشأ يذهبكم ويستخلف من بعدكم ما يشاء كما أنشأكم من ذرية قومٍ آخرين,وربك الغني ذو الرحمة,108,غين,هداية,replacement,,
18:58,Al-Kahf,18,58,15,وربك الغفور ذو الرحمة ۖ لو يؤاخذهم بما كسبوا لعجل لهم العذاب ۚ بل لهم موعد لن يجدوا من دونه موئلًا,وربك الغفور ذو الرحمة,108,غين,هداية,replacement,,
6:131,Al-An'am,6,131,8,ذلك أن لم يكن ربك مهلك القرى بظلمٍ وأهلها غافلون,وأهلها غافلون,109,غين,هداية,replacement,,
11:117,Hud,11,117,12,وما كان ربك ليهلك القرى بظلمٍ وأهلها مصلحون,وأهلها مصلحون,109,غين,هداية,replacement,,
52:24,At-Tur,52,24,27,ويطوف عليهم غلمان لهم كأنهم لؤلؤ مكنون,ويطوف عليهم غلمان,110,غين,هداية,replacement,,
56:17,Al-Waqi'a,56,17,27,يطوف عليهم ولدان مخلدون,يطوف عليهم ولدان,110,غين,هداية,replacement,,
76:19,Al-Insan,76,19,29,ويطوف عليهم ولدان مخلدون إذا رأيتهم حسبتهم لؤلؤًا منثورًا,ويطوف عليهم ولدان,110,غين,هداية,replacement,,
6:144,Al-An'am,6,144,8,ومن الإبل اثنين ومن البقر اثنين ۗ قل آلذكرين حرم أم الأنثيين أما اشتملت عليه أرحام الأنثيين ۖ أم كنتم شهداء إذ وصاكم الله بهذا ۚ فمن أظلم ممن افترى على الله كذبًا ليضل الناس بغير علمٍ ۗ إن الله لا يهدي القوم الظالمين,فمن أظلم,111,فاء,هداية,replacement,replaced with ومن أظلم in all other places,
6:157,Al-An'am,6,157,8,أو تقولوا لو أنا أنزل علينا الكتاب لكنا أهدى منهم ۚ فقد جاءكم بينة من ربكم وهدًى ورحمة ۚ فمن أظلم ممن كذب بآيات الله وصدف عنها ۗ سنجزي الذين يصدفون عن آياتنا سوء العذاب بما كانوا يصدفون,فمن أظلم,111,فاء,هداية,replacement,replaced with ومن أظلم in all other places,
7:37,Al-A'raf,7,37,8,فمن أظلم ممن افترى على الله كذبًا أو كذب بآياته ۚ أولئك ينالهم نصيبهم من الكتاب ۖ حتى إذا جاءتهم رسلنا يتوفونهم قالوا أين ما كنتم تدعون من دون الله ۖ قالوا ضلوا عنا وشهدوا على أنفسهم أنهم كانوا كافرين,فمن أظلم,111,فاء,هداية,replacement,replaced with ومن أظلم in all other places,
10:17,Yunus,10,17,11,فمن أظلم ممن افترى على الله كذبًا أو كذب بآياته ۚ إنه لا يفلح المجرمون,فمن أظلم,111,فاء,هداية,replacement,replaced with ومن أظلم in all other places,
18:15,Al-Kahf,18,15,15,هؤلاء قومنا اتخذوا من دونه آلهةً ۖ لولا يأتون عليهم بسلطانٍ بينٍ ۖ فمن أظلم ممن افترى على الله كذبًا,فمن أظلم,111,فاء,هداية,replacement,replaced with ومن أظلم in all other places,
39:32,Az-Zumar,39,32,24,فمن أظلم ممن كذب على الله وكذب بالصدق إذ جاءه ۚ أليس في جهنم مثوًى للكافرين,فمن أظلم,111,فاء,هداية,replacement,replaced with ومن أظلم in all other places,
7:123,Al-A'raf,7,123,9,قال فرعون آمنتم به قبل أن آذن لكم ۖ إن هذا لمكر مكرتموه في المدينة لتخرجوا منها أهلها ۖ فسوف تعلمون,قال فرعون آمنتم به,112,فاء,هداية,multiple differences,,yes
26:49,Ash-Shu'ara,26,49,19,قال آمنتم له قبل أن آذن لكم ۖ إنه لكبيركم الذي علمكم السحر فلسوف تعلمون ۚ لأقطعن أيديكم وأرجلكم من خلافٍ ولأصلبنكم أجمعين,قال آمنتم له,112,فاء,هداية,multiple differences,,
20:71,Ta-Ha,20,71,16,قال آمنتم له قبل أن آذن لكم ۖ إنه لكبيركم الذي علمكم السحر ۖ فلأقطعن أيديكم وأرجلكم من خلافٍ ولأصلبنكم في جذوع النخل ولتعلمن أينا أشد عذابًا وأبقى,قال آمنتم له,112,فاء,هداية,multiple differences,,
7:123,Al-A'raf,7,123,9,قال فرعون آمنتم به قبل أن آذن لكم ۖ إن هذا لمكر مكرتموه في المدينة لتخرجوا منها أهلها ۖ فسوف تعلمون,فسوف تعلمون,113,فاء,هداية,replacement,,
26:49,Ash-Shu'ara,26,49,19,قال آمنتم له قبل أن آذن لكم ۖ إنه لكبيركم الذي علمكم السحر فلسوف تعلمون ۚ لأقطعن أيديكم وأرجلكم من خلافٍ ولأصلبنكم أجمعين,فلسوف تعلمون,113,فاء,هداية,replacement,,
6:135,Al-An'am,6,135,8,قل يا قوم اعملوا على مكانتكم إني عامل ۖ فسوف تعلمون من تكون له عاقبة الدار ۗ إنه لا يفلح الظالمون,إني عامل فسوف تعلمون,113,فاء,هداية,replacement,,
39:39,Az-Zumar,39,39,24,قل يا قوم اعملوا على مكانتكم إني عامل ۖ فسوف تعلمون,إني عامل فسوف تعلمون,113,فاء,هداية,replacement,,
11:93,Hud,11,93,12,ويا قوم اعملوا على مكانتكم إني عامل ۖ سوف تعلمون من يأتيه عذاب يخزيه ومن هو كاذب ۖ وارتقبوا إني معكم رقيب,إني عامل سوف تعلمون,113,فاء,هداية,replacement,,
9:55,At-Tawba,9,55,10,فلا تعجبك أموالهم ولا أولادهم ۚ إنما يريد الله ليعذبهم بها في الحياة الدنيا وتزهق أنفسهم وهم كافرون,فلا تعجبك، ولا أولادهم، ليعذبهم، في الحياة الدنيا,114,فاء,هداية,multiple differences,,
9:85,At-Tawba,9,85,10,ولا تعجبك أموالهم وأولادهم ۚ إنما يريد الله أن يعذبهم بها في الدنيا وتزهق أنفسهم وهم كافرون,ولا تعجبك، وأولادهم، أن يعذبهم، في الدنيا,114,فاء,هداية,multiple differences,,
23:24,Al-Mu'minoon,23,24,18,فقال الملأ الذين كفروا من قومه ما هذا إلا بشر مثلكم يريد أن يتفضل عليكم ولو شاء الله لأنزل ملائكةً ما سمعنا بهذا في آبائنا الأولين,فقال الملأ,115,فاء,هداية,replacement,replaced with وقال الملأ in all other places,
11:27,Hud,11,27,12,فقال الملأ الذين كفروا من قومه ما نراك إلا بشرًا مثلنا وما نراك اتبعك إلا الذين هم أراذلنا بادي الرأي وما نرى لكم علينا من فضلٍ بل نظنكم كاذبين,فقال الملأ,115,فاء,هداية,replacement,replaced with وقال الملأ in all other places,
12:109,Yusuf,12,109,13,وما أرسلنا من قبلك إلا رجالًا نوحي إليهم من أهل القرى ۗ أفلم يسيروا في الأرض فينظروا كيف كان عاقبة الذين من قبلهم ۗ ولدار الآخرة خير للذين اتقوا ۗ أفلا تعقلون,أفلم يسيروا,116,فاء,هداية,replacement,,
22:46,Al-Hajj,22,46,17,أفلم يسيروا في الأرض فتكون لهم قلوب يعقلون بها أو آذان يسمعون بها ۖ فإنها لا تعمى الأبصار ولكن تعمى القلوب التي في الصدور,أفلم يسيروا,116,فاء,هداية,replacement,,
40:82,Ghafir,40,82,24,أفلم يسيروا في الأرض فينظروا كيف كان عاقبة الذين من قبلهم ۚ كانوا أكثر منهم وأشد قوةً وآثارًا في الأرض فما أغنى عنهم ما كانوا يكسبون,أفلم يسيروا,116,فاء,هداية,replacement,,
47:10,Muhammad,47,10,26,أفلم يسيروا في الأرض فينظروا كيف كان عاقبة الذين من قبلهم ۚ دمر الله عليهم ۖ وللكافرين أمثالها,أفلم يسيروا,116,فاء,هداية,replacement,,
40:21,Ghafir,40,21,24,أولم يسيروا في الأرض فينظروا كيف كان عاقبة الذين كانوا من قبلهم ۚ كانوا هم أشد منهم قوةً وآثارًا في الأرض فأخذهم الله بذنوبهم وما كان لهم من الله من واقٍ,أولم يسيروا,116,فاء,هداية,replacement,,
35:44,Fatir,35,44,22,أولم يسيروا في الأرض فينظروا كيف كان عاقبة الذين من قبلهم وكانوا أشد منهم قوةً ۚ وما كان الله ليعجزه من شيءٍ في السماوات ولا في الأرض ۚ إنه كان عليمًا قديرًا,أولم يسيروا,116,فاء,هداية,replacement,,
30:9,Ar-Rum,30,9,21,أولم يسيروا في الأرض فينظروا كيف كان عاقبة الذين من قبلهم ۚ كانوا أشد منهم قوةً وأثاروا الأرض وعمروها أكثر مما عمروها وجاءتهم رسلهم بالبينات ۖ فما كان الله ليظلمهم ولكن كانوا أنفسهم يظلمون,أولم يسيروا,116,فاء,هداية,replacement,,
35:39,Fatir,35,39,22,هو الذي جعلكم خلائف في الأرض ۚ فمن كفر فعليه كفره ۖ ولا يزيد الكافرين كفرهم عند ربهم إلا مقتًا ۖ ولا يزيد الكافرين كفرهم إلا خسارًا,جعلكم خلائف في الأرض,117,فاء,هداية,addition & subtraction,,yes
6:165,Al-An'am,6,165,8,وهو الذي جعلكم خلائف الأرض ورفع بعضكم فوق بعضٍ درجاتٍ ليبلوكم في ما آتاكم ۗ إن ربك سريع العقاب وإنه لغفور رحيم,جعلكم خلائف الأرض,117,فاء,هداية,addition & subtraction,,yes
39:41,Az-Zumar,39,41,24,إنا أنزلنا عليك الكتاب للناس بالحق ۖ فمن اهتدى فلنفسه ۖ ومن ضل فإنما يضل عليها ۖ وما أنت عليهم بوكيلٍ,فمن اهتدى فلنفسه,118,فاء,هداية,replacement,,yes
10:108,Yunus,10,108,11,قل يا أيها الناس قد جاءكم الحق من ربكم ۖ فمن اهتدى فإنما يهتدي لنفسه ۖ ومن ضل فإنما يضل عليها ۖ وما أنا عليكم بوكيلٍ,فمن اهتدى فإنما يهتدي لنفسه,118,فاء,هداية,replacement,,
27:92,An-Naml,27,92,20,وأن أتلو القرآن ۖ فمن اهتدى فإنما يهتدي لنفسه ۖ ومن ضل فقل إنما أنا من المنذرين,فمن اهتدى فإنما يهتدي لنفسه,118,فاء,هداية,replacement,,
17:15,Al-Isra',17,15,15,من اهتدى فإنما يهتدي لنفسه ۖ ومن ضل فإنما يضل عليها ۚ ولا تزر وازرة وزر أخرى ۗ وما كنا معذبين حتى نبعث رسولًا,من اهتدى فإنما يهتدي لنفسه,118,فاء,هداية,replacement,,
58:8,Al-Mujadila,58,8,28,ألم تر إلى الذين نهوا عن النجوى ثم يعودون لما نهوا عنه ويتناجون بالإثم والعدوان ومعصيت الرسول وإذا جاءوك حيوك بما لم يحيك به الله ويقولون في أنفسهم لولا يعذبنا الله بما نقول ۚ حسبهم جهنم يصلونها ۖ فبئس المصير,فبئس المصير,119,فاء,هداية,replacement,replaced with وبئس المصير in all other places,yes
24:57,An-Nur,24,57,18,لا تحسبن الذين كفروا معجزين في الأرض ۚ ومأواهم النار ۖ ولبئس المصير,ولبئس المصير,119,فاء,هداية,replacement,replaced with وبئس المصير in all other places,yes
68:30,Al-Qalam,68,30,29,فأقبل بعضهم على بعضٍ يتلاومون,فأقبل بعضهم على بعضٍ، يتلاومون,120,فاء,هداية,replacement,replaced with وأقبل بعضهم على بعض in all other places,
37:50,As-Saffat,37,50,23,فأقبل بعضهم على بعضٍ يتساءلون,فأقبل بعضهم على بعضٍ، يتساءلون,120,فاء,هداية,replacement,replaced with وأقبل بعضهم على بعض in all other places,
52:18,At-Tur,52,18,27,فاكهين بما آتاهم ربهم ووقاهم ربهم عذاب الجحيم,فاكهين بما آتاهم,121,فاء,هداية,replacement,,
51:16,Adh-Dhariyat,51,16,26,آخذين ما آتاهم ربهم ۚ إنهم كانوا قبل ذلك محسنين,آخذين ما آتاهم,121,فاء,هداية,replacement,,
2:58,Al-Baqara,2,58,1,وإذ قلنا ادخلوا هذه القرية فكلوا منها حيث شئتم رغدًا وادخلوا الباب سجدًا وقولوا حطة نغفر لكم خطاياكم ۚ وسنزيد المحسنين,وإذ قلنا ادخلوا، فكلوا، حيث شئتم رغدًا، وادخلوا الباب سجدًا وقولوا حطة، خطاياكم، وسنزيد,122,قاف,هداية,multiple differences,,
7:161,Al-A'raf,7,161,9,وإذ قيل لهم اسكنوا هذه القرية وكلوا منها حيث شئتم وقولوا حطة وادخلوا الباب سجدًا نغفر لكم خطيئاتكم ۚ سنزيد المحسنين,وإذ قيل لهم اسكنوا، وكلوا، حيث شئتم، وقولوا حطة وادخلوا الباب سجدًا، خطيئاتكم، سنزيد,122,قاف,هداية,multiple differences,,
4:135,An-Nisa',4,135,5,يا أيها الذين آمنوا كونوا قوامين بالقسط شهداء لله ولو على أنفسكم أو الوالدين والأقربين ۚ إن يكن غنيا أو فقيرًا فالله أولى بهما ۖ فلا تتبعوا الهوى أن تعدلوا ۚ وإن تلووا أو تعرضوا فإن الله كان بما تعملون خبيرًا,قوامين بالقسط شهداء لله,123,قاف,هداية,replacement,,
5:8,Al-Ma'ida,5,8,6,يا أيها الذين آمنوا كونوا قوامين لله شهداء بالقسط ۖ ولا يجرمنكم شنآن قومٍ على ألا تعدلوا ۚ اعدلوا هو أقرب للتقوى ۖ واتقوا الله ۚ إن الله خبير بما تعملون,قوامين لله شهداء بالقسط,123,قاف,هداية,replacement,,
7:109,Al-A'raf,7,109,9,قال الملأ من قوم فرعون إن هذا لساحر عليم,الملأ من قوم فرعون,124,قاف,هداية,replacement,,
26:34,Ash-Shu'ara,26,34,19,قال للملإ حوله إن هذا لساحر عليم,للملإ حوله,124,قاف,هداية,replacement,,
10:47,Yunus,10,47,11,ولكل أمةٍ رسول ۖ فإذا جاء رسولهم قضي بينهم بالقسط وهم لا يظلمون,قضي بينهم بالقسط,125,قاف,هداية,replacement,,
10:54,Yunus,10,54,11,ولو أن لكل نفسٍ ظلمت ما في الأرض لافتدت به ۗ وأسروا الندامة لما رأوا العذاب ۖ وقضي بينهم بالقسط ۚ وهم لا يظلمون,وقضي بينهم بالقسط,125,قاف,هداية,replacement,,
39:69,Az-Zumar,39,69,24,وأشرقت الأرض بنور ربها ووضع الكتاب وجيء بالنبيين والشهداء وقضي بينهم بالحق وهم لا يظلمون,وقضي بينهم بالحق,125,قاف,هداية,replacement,,
39:75,Az-Zumar,39,75,24,وترى الملائكة حافين من حول العرش يسبحون بحمد ربهم ۖ وقضي بينهم بالحق وقيل الحمد لله رب العالمين,وقضي بينهم بالحق,125,قاف,هداية,replacement,,
13:34,Ar-Ra'd,13,34,13,لهم عذاب في الحياة الدنيا ۖ ولعذاب الآخرة أشق ۖ وما لهم من الله من واقٍ,ولعذاب الآخرة أشق,126,قاف,هداية,replacement,,
20:127,Ta-Ha,20,127,16,وكذلك نجزي من أسرف ولم يؤمن بآيات ربه ۚ ولعذاب الآخرة أشد وأبقى,ولعذاب الآخرة أشد وأبقى,126,قاف,هداية,replacement,,
39:26,Az-Zumar,39,26,23,فأذاقهم الله الخزي في الحياة الدنيا ۖ ولعذاب الآخرة أكبر ۚ لو كانوا يعلمون,ولعذاب الآخرة أكبر,126,قاف,هداية,replacement,,
41:16,Fussilat,41,16,24,فأرسلنا عليهم ريحًا صرصرًا في أيامٍ نحساتٍ لنذيقهم عذاب الخزي في الحياة الدنيا ۖ ولعذاب الآخرة أخزى ۖ وهم لا ينصرون,ولعذاب الآخرة أخزى,126,قاف,هداية,replacement,,
68:33,Al-Qalam,68,33,29,كذلك العذاب ۖ ولعذاب الآخرة أكبر ۚ لو كانوا يعلمون,ولعذاب الآخرة أكبر,126,قاف,هداية,replacement,,
59:4,Al-Hashr,59,4,28,ذلك بأنهم شاقوا الله ورسوله ۖ ومن يشاق الله فإن الله شديد العقاب,ومن يشاق الله,127,قاف,هداية,replacement,,
4:115,An-Nisa',4,115,5,ومن يشاقق الرسول من بعد ما تبين له الهدى ويتبع غير سبيل المؤمنين نوله ما تولى ونصله جهنم ۖ وساءت مصيرًا,ومن يشاقق الرسول,127,قاف,هداية,replacement,,
8:13,Al-Anfal,8,13,9,ذلك بأنهم شاقوا الله ورسوله ۚ ومن يشاقق الله ورسوله فإن الله شديد العقاب,ومن يشاقق الله ورسوله,127,قاف,هداية,replacement,,
17:77,Al-Isra',17,77,15,سنة من قد أرسلنا قبلك من رسلنا ۖ ولا تجد لسنتنا تحويلًا,أرسلنا قبلك,128,قاف,هداية,replacement,replaced with أرسلنا من قبلك in all other places,
21:7,Al-Anbiya',21,7,17,وما أرسلنا قبلك إلا رجالًا نوحي إليهم ۖ فاسألوا أهل الذكر إن كنتم لا تعلمون,أرسلنا قبلك,128,قاف,هداية,replacement,replaced with أرسلنا من قبلك in all other places,
25:20,Al-Furqan,25,20,18,وما أرسلنا قبلك من المرسلين إلا إنهم ليأكلون الطعام ويمشون في الأسواق ۗ وجعلنا بعضكم لبعضٍ فتنةً أتصبرون ۗ وكان ربك بصيرًا,أرسلنا قبلك,128,قاف,هداية,replacement,replaced with أرسلنا من قبلك in all other places,
34:44,Saba',34,44,22,وما آتيناهم من كتبٍ يدرسونها ۖ وما أرسلنا إليهم قبلك من نذيرٍ,أرسلنا إليهم قبلك,128,قاف,هداية,replacement,replaced with أرسلنا من قبلك in all other places,
27:12,An-Naml,27,12,19,وأدخل يدك في جيبك تخرج بيضاء من غير سوءٍ ۖ في تسع آياتٍ إلى فرعون وقومه ۚ إنهم كانوا قومًا فاسقين,إلى فرعون وقومه,129,قاف,هداية,replacement,replaced with إلى فرعون وملئه in all other places,yes
57:25,Al-Hadid,57,25,27,لقد أرسلنا رسلنا بالبينات وأنزلنا معهم الكتاب والميزان ليقوم الناس بالقسط ۖ وأنزلنا الحديد فيه بأس شديد ومنافع للناس وليعلم الله من ينصره ورسله بالغيب ۚ إن الله قوي عزيز,إن الله قوي عزيز,130,قاف,هداية,addition & subtraction,,
58:21,Al-Mujadila,58,21,28,كتب الله لأغلبن أنا ورسلي ۚ إن الله قوي عزيز,إن الله قوي عزيز,130,قاف,هداية,addition & subtraction,,
22:40,Al-Hajj,22,40,17,الذين أخرجوا من ديارهم بغير حق إلا أن يقولوا ربنا الله ۗ ولولا دفع الله الناس بعضهم ببعضٍ لهدمت صوامع وبيع وصلوات ومساجد يذكر فيها اسم الله كثيرًا ۗ ولينصرن الله من ينصره ۗ إن الله لقوي عزيز,إن الله لقوي عزيز,130,قاف,هداية,addition & subtraction,,
22:74,Al-Hajj,22,74,17,ما قدروا الله حق قدره ۗ إن الله لقوي عزيز,إن الله لقوي عزيز,130,قاف,هداية,addition & subtraction,,
2:89,Al-Baqara,2,89,1,ولما جاءهم كتاب من عند الله مصدق لما معهم وكانوا من قبل يستفتحون على الذين كفروا فلما جاءهم ما عرفوا كفروا به ۚ فلعنة الله على الكافرين,ولما جاءهم كتاب,131,كاف,هداية,replacement,,
2:101,Al-Baqara,2,101,1,ولما جاءهم رسول من عند الله مصدق لما معهم نبذ فريق من الذين أوتوا الكتاب كتاب الله وراء ظهورهم كأنهم لا يعلمون,ولما جاءهم رسول,131,كاف,هداية,replacement,,
3:11,Al Imran,3,11,3,كدأب آل فرعون والذين من قبلهم ۚ كذبوا بآياتنا فأخذهم الله بذنوبهم ۗ والله شديد العقاب,قبلهم كذبوا بآياتنا,132,كاف,هداية,replacement,,
8:54,Al-Anfal,8,54,10,كدأب آل فرعون ۙ والذين من قبلهم ۚ كذبوا بآيات ربهم فأهلكناهم بذنوبهم وأغرقنا آل فرعون ۚ وكل كانوا ظالمين,قبلهم كذبوا بآيات ربهم,132,كاف,هداية,replacement,,
8:52,Al-Anfal,8,52,10,كدأب آل فرعون ۙ والذين من قبلهم ۚ كفروا بآيات الله فأخذهم الله بذنوبهم ۗ إن الله قوي شديد العقاب,قبلهم كفروا بآيات الله,132,كاف,هداية,replacement,,
3:117,Al Imran,3,117,4,مثل ما ينفقون في هذه الحياة الدنيا كمثل ريحٍ فيها صر أصابت حرث قومٍ ظلموا أنفسهم فأهلكته ۚ وما ظلمهم الله ولكن أنفسهم يظلمون,ولكن أنفسهم,133,كاف,هداية,addition & subtraction,,yes
2:57,Al-Baqara,2,57,1,وظللنا عليكم الغمام وأنزلنا عليكم المن والسلوى ۖ كلوا من طيبات ما رزقناكم ۖ وما ظلمونا ولكن كانوا أنفسهم يظلمون,ولكن كانوا أنفسهم,133,كاف,هداية,addition & subtraction,,
7:160,Al-A'raf,7,160,9,وقطعناهم اثنتي عشرة أسباطًا أممًا ۚ وأوحينا إلى موسى إذ استسقاه قومه أن اضرب بعصاك الحجر ۖ فانبجست منه اثنتا عشرة عينًا ۖ قد علم كل أناسٍ مشربهم ۚ وظللنا عليهم الغمام وأنزلنا عليهم المن والسلوى ۖ كلوا من طيبات ما رزقناكم ۚ وما ظلمونا ولكن كانوا أنفسهم يظلمون,ولكن كانوا أنفسهم,133,كاف,هداية,addition & subtraction,,
9:70,At-Tawba,9,70,10,ألم يأتهم نبأ الذين من قبلهم قوم نوحٍ وعادٍ وثمود وقوم إبراهيم وأصحاب مدين والمؤتفكات ۚ أتتهم رسلهم بالبينات ۖ فما كان الله ليظلمهم ولكن كانوا أنفسهم يظلمون,فما كان الله ليظلمهم، ولكن كانوا أنفسهم,133,كاف,هداية,addition & subtraction,,
16:33,An-Nahl,16,33,14,هل ينظرون إلا أن تأتيهم الملائكة أو يأتي أمر ربك ۚ كذلك فعل الذين من قبلهم ۚ وما ظلمهم الله ولكن كانوا أنفسهم يظلمون,ولكن كانوا أنفسهم,133,كاف,هداية,addition & subtraction,,
16:118,An-Nahl,16,118,14,وعلى الذين هادوا حرمنا ما قصصنا عليك من قبل ۖ وما ظلمناهم ولكن كانوا أنفسهم يظلمون,ولكن كانوا أنفسهم,133,كاف,هداية,addition & subtraction,,
29:40,Al-Ankabut,29,40,20,فكلا أخذنا بذنبه ۖ فمنهم من أرسلنا عليه حاصبًا ومنهم من أخذته الصيحة ومنهم من خسفنا به الأرض ومنهم من أغرقنا ۚ وما كان الله ليظلمهم ولكن كانوا أنفسهم يظلمون,وما كان الله ليظلمهم، ولكن كانوا أنفسهم,133,كاف,هداية,addition & subtraction,,
30:9,Ar-Rum,30,9,21,أولم يسيروا في الأرض فينظروا كيف كان عاقبة الذين من قبلهم ۚ كانوا أشد منهم قوةً وأثاروا الأرض وعمروها أكثر مما عمروها وجاءتهم رسلهم بالبينات ۖ فما كان الله ليظلمهم ولكن كانوا أنفسهم يظلمون,فما كان الله ليظلمهم، ولكن كانوا أنفسهم,133,كاف,هداية,addition & subtraction,,
6:148,Al-An'am,6,148,8,سيقول الذين أشركوا لو شاء الله ما أشركنا ولا آباؤنا ولا حرمنا من شيءٍ ۚ كذلك كذب الذين من قبلهم حتى ذاقوا بأسنا ۗ قل هل عندكم من علمٍ فتخرجوه لنا ۖ إن تتبعون إلا الظن وإن أنتم إلا تخرصون,كذلك كذب الذين,134,كاف,هداية,replacement,,
10:39,Yunus,10,39,11,بل كذبوا بما لم يحيطوا بعلمه ولما يأتهم تأويله ۚ كذلك كذب الذين من قبلهم ۖ فانظر كيف كان عاقبة الظالمين,كذلك كذب الذين,134,كاف,هداية,replacement,,
16:35,An-Nahl,16,35,14,وقال الذين أشركوا لو شاء الله ما عبدنا من دونه من شيءٍ نحن ولا آباؤنا ولا حرمنا من دونه من شيءٍ ۚ كذلك فعل الذين من قبلهم ۚ فهل على الرسل إلا البلاغ المبين,كذلك فعل الذين,134,كاف,هداية,replacement,,
8:39,Al-Anfal,8,39,9,وقاتلوهم حتى لا تكون فتنة ويكون الدين كله لله ۚ فإن انتهوا فإن الله بما يعملون بصير,ويكون الدين كله لله,135,كاف,هداية,addition & subtraction,,
2:193,Al-Baqara,2,193,2,وقاتلوهم حتى لا تكون فتنة ويكون الدين لله ۖ فإن انتهوا فلا عدوان إلا على الظالمين,ويكون الدين لله,135,كاف,هداية,addition & subtraction,,
30:9,Ar-Rum,30,9,21,أولم يسيروا في الأرض فينظروا كيف كان عاقبة الذين من قبلهم ۚ كانوا أشد منهم قوةً وأثاروا الأرض وعمروها أكثر مما عمروها وجاءتهم رسلهم بالبينات ۖ فما كان الله ليظلمهم ولكن كانوا أنفسهم يظلمون,الذين من قبلهم، كانوا أشد منهم,136,كاف,هداية,multiple differences,,
35:44,Fatir,35,44,22,أولم يسيروا في الأرض فينظروا كيف كان عاقبة الذين من قبلهم وكانوا أشد منهم قوةً ۚ وما كان الله ليعجزه من شيءٍ في السماوات ولا في الأرض ۚ إنه كان عليمًا قديرًا,الذين من قبلهم، وكانوا أشد منهم,136,كاف,هداية,multiple differences,,
40:21,Ghafir,40,21,24,أولم يسيروا في الأرض فينظروا كيف كان عاقبة الذين كانوا من قبلهم ۚ كانوا هم أشد منهم قوةً وآثارًا في الأرض فأخذهم الله بذنوبهم وما كان لهم من الله من واقٍ,الذين كانوا من قبلهم، كانوا هم أشد منهم,136,كاف,هداية,multiple differences,,
40:82,Ghafir,40,82,24,أفلم يسيروا في الأرض فينظروا كيف كان عاقبة الذين من قبلهم ۚ كانوا أكثر منهم وأشد قوةً وآثارًا في الأرض فما أغنى عنهم ما كانوا يكسبون,الذين من قبلهم، كانوا أكثر منهم وأشد,136,كاف,هداية,multiple differences,,
31:10,Luqman,31,10,21,خلق السماوات بغير عمدٍ ترونها ۖ وألقى في الأرض رواسي أن تميد بكم وبث فيها من كل دابةٍ ۚ وأنزلنا من السماء ماءً فأنبتنا فيها من كل زوجٍ كريمٍ,زوجٍ كريمٍ,137,كاف,هداية,replacement,,
26:7,Ash-Shu'ara,26,7,19,أولم يروا إلى الأرض كم أنبتنا فيها من كل زوجٍ كريمٍ,زوجٍ كريمٍ,137,كاف,هداية,replacement,,
22:5,Al-Hajj,22,5,17,يا أيها الناس إن كنتم في ريبٍ من البعث فإنا خلقناكم من ترابٍ ثم من نطفةٍ ثم من علقةٍ ثم من مضغةٍ مخلقةٍ وغير مخلقةٍ لنبين لكم ۚ ونقر في الأرحام ما نشاء إلى أجلٍ مسمى ثم نخرجكم طفلًا ثم لتبلغوا أشدكم ۖ ومنكم من يتوفى ومنكم من يرد إلى أرذل العمر لكيلا يعلم من بعد علمٍ شيئًا ۚ وترى الأرض هامدةً فإذا أنزلنا عليها الماء اهتزت وربت وأنبتت من كل زوجٍ بهيجٍ,زوجٍ بهيجٍ,137,كاف,هداية,replacement,,
50:7,Qaf,50,7,26,والأرض مددناها وألقينا فيها رواسي وأنبتنا فيها من كل زوجٍ بهيجٍ,زوجٍ بهيجٍ,137,كاف,هداية,replacement,,
31:7,Luqman,31,7,21,وإذا تتلى عليه آياتنا ولى مستكبرًا كأن لم يسمعها كأن في أذنيه وقرًا ۖ فبشره بعذابٍ أليمٍ,كأن لم يسمعها كأن في أذنيه وقرًا,138,كاف,هداية,addition & subtraction,,
45:8,Al-Jathiya,45,8,25,يسمع آيات الله تتلى عليه ثم يصر مستكبرًا كأن لم يسمعها ۖ فبشره بعذابٍ أليمٍ,كأن لم يسمعها,138,كاف,هداية,addition & subtraction,,
5:36,Al-Ma'ida,5,36,6,إن الذين كفروا لو أن لهم ما في الأرض جميعًا ومثله معه ليفتدوا به من عذاب يوم القيامة ما تقبل منهم ۖ ولهم عذاب أليم,ومثله معه ليفتدوا به,139,لام,هداية,replacement,,yes
13:18,Ar-Ra'd,13,18,13,للذين استجابوا لربهم الحسنى ۚ والذين لم يستجيبوا له لو أن لهم ما في الأرض جميعًا ومثله معه لافتدوا به ۚ أولئك لهم سوء الحساب ومأواهم جهنم ۖ وبئس المهاد,ومثله معه لافتدوا به,139,لام,هداية,replacement,,
39:47,Az-Zumar,39,47,24,ولو أن للذين ظلموا ما في الأرض جميعًا ومثله معه لافتدوا به من سوء العذاب يوم القيامة ۚ وبدا لهم من الله ما لم يكونوا يحتسبون,ومثله معه لافتدوا به,139,لام,هداية,replacement,,
6:50,Al-An'am,6,50,7,قل لا أقول لكم عندي خزائن الله ولا أعلم الغيب ولا أقول لكم إني ملك ۖ إن أتبع إلا ما يوحى إلي ۚ قل هل يستوي الأعمى والبصير ۚ أفلا تتفكرون,ولا أقول لكم إني ملك,140,لام,هداية,addition & subtraction,,
11:31,Hud,11,31,12,ولا أقول لكم عندي خزائن الله ولا أعلم الغيب ولا أقول إني ملك ولا أقول للذين تزدري أعينكم لن يؤتيهم الله خيرًا ۖ الله أعلم بما في أنفسهم ۖ إني إذًا لمن الظالمين,ولا أقول إني ملك,140,لام,هداية,addition & subtraction,,
7:12,Al-A'raf,7,12,8,قال ما منعك ألا تسجد إذ أمرتك ۖ قال أنا خير منه خلقتني من نارٍ وخلقته من طينٍ,ألا تسجد,141,لام,هداية,replacement,,
38:75,Sad,38,75,23,قال يا إبليس ما منعك أن تسجد لما خلقت بيدي ۖ أستكبرت أم كنت من العالين,أن تسجد,141,لام,هداية,replacement,,
15:32,Al-Hijr,15,32,14,قال يا إبليس ما لك ألا تكون مع الساجدين,ما لك ألا تكون مع الساجدين,141,لام,هداية,replacement,,
7:51,Al-A'raf,7,51,8,الذين اتخذوا دينهم لهوًا ولعبًا وغرتهم الحياة الدنيا ۚ فاليوم ننساهم كما نسوا لقاء يومهم هذا وما كانوا بآياتنا يجحدون,لهوًا ولعبًا,142,لام,هداية,order change,,
29:64,Al-Ankabut,29,64,21,وما هذه الحياة الدنيا إلا لهو ولعب ۚ وإن الدار الآخرة لهي الحيوان ۚ لو كانوا يعلمون,لهو ولعب,142,لام,هداية,order change,,
6:70,Al-An'am,6,70,7,وذر الذين اتخذوا دينهم لعبًا ولهوًا وغرتهم الحياة الدنيا ۚ وذكر به أن تبسل نفس بما كسبت ليس لها من دون الله ولي ولا شفيع وإن تعدل كل عدلٍ لا يؤخذ منها ۗ أولئك الذين أبسلوا بما كسبوا ۖ لهم شراب من حميمٍ وعذاب أليم بما كانوا يكفرون,لعبًا ولهوًا,142,لام,هداية,order change,,
57:20,Al-Hadid,57,20,27,اعلموا أنما الحياة الدنيا لعب ولهو وزينة وتفاخر بينكم وتكاثر في الأموال والأولاد ۖ كمثل غيثٍ أعجب الكفار نباته ثم يهيج فتراه مصفرا ثم يكون حطامًا ۖ وفي الآخرة عذاب شديد ومغفرة من الله ورضوان ۚ وما الحياة الدنيا إلا متاع الغرور,لعب ولهو,142,لام,هداية,order change,,
47:36,Muhammad,47,36,26,إنما الحياة الدنيا لعب ولهو ۚ وإن تؤمنوا وتتقوا يؤتكم أجوركم ولا يسألكم أموالكم,لعب ولهو,142,لام,هداية,order change,,
7:59,Al-A'raf,7,59,8,لقد أرسلنا نوحًا إلى قومه فقال يا قوم اعبدوا الله ما لكم من إلهٍ غيره إني أخاف عليكم عذاب يومٍ عظيمٍ,لقد أرسلنا نوحًا,143,لام,هداية,addition & subtraction,,yes
11:25,Hud,11,25,12,ولقد أرسلنا نوحًا إلى قومه إني لكم نذير مبين,ولقد أرسلنا نوحًا,143,لام,هداية,addition & subtraction,,
23:23,Al-Mu'minoon,23,23,18,ولقد أرسلنا نوحًا إلى قومه فقال يا قوم اعبدوا الله ما لكم من إلهٍ غيره ۖ أفلا تتقون,ولقد أرسلنا نوحًا,143,لام,هداية,addition & subtraction,,
29:14,Al-Ankabut,29,14,20,ولقد أرسلنا نوحًا إلى قومه فلبث فيهم ألف سنةٍ إلا خمسين عامًا فأخذهم الطوفان وهم ظالمون,ولقد أرسلنا نوحًا,143,لام,هداية,addition & subtraction,,
57:26,Al-Hadid,57,26,27,ولقد أرسلنا نوحًا وإبراهيم وجعلنا في ذريتهما النبوة والكتاب ۖ فمنهم مهتدٍ ۖ وكثير منهم فاسقون,ولقد أرسلنا نوحًا,143,لام,هداية,addition & subtraction,,
11:99,Hud,11,99,12,وأتبعوا في هذه لعنةً ويوم القيامة ۚ بئس الرفد المرفود,وأتبعوا في هذه لعنةً,144,لام,هداية,addition & subtraction,,
11:60,Hud,11,60,12,وأتبعوا في هذه الدنيا لعنةً ويوم القيامة ۗ ألا إن عادًا كفروا ربهم ۗ ألا بعدًا لعادٍ قوم هودٍ,وأتبعوا في هذه الدنيا لعنةً,144,لام,هداية,addition & subtraction,,
28:42,Al-Qasas,28,42,20,وأتبعناهم في هذه الدنيا لعنةً ۖ ويوم القيامة هم من المقبوحين,وأتبعناهم في هذه الدنيا لعنةً,144,لام,هداية,addition & subtraction,,
15:77,Al-Hijr,15,77,14,إن في ذلك لآيةً للمؤمنين,لآيةً للمؤمنين,145,لام,هداية,replacement,,
29:44,Al-Ankabut,29,44,20,خلق الله السماوات والأرض بالحق ۚ إن في ذلك لآيةً للمؤمنين,لآيةً للمؤمنين,145,لام,هداية,replacement,,
45:3,Al-Jathiya,45,3,25,إن في السماوات والأرض لآياتٍ للمؤمنين,لآياتٍ للمؤمنين,145,لام,هداية,replacement,,
16:78,An-Nahl,16,78,14,والله أخرجكم من بطون أمهاتكم لا تعلمون شيئًا وجعل لكم السمع والأبصار والأفئدة ۙ لعلكم تشكرون,والأفئدة لعلكم تشكرون,146,لام,هداية,replacement,,yes
23:78,Al-Mu'minoon,23,78,18,وهو الذي أنشأ لكم السمع والأبصار والأفئدة ۚ قليلًا ما تشكرون,والأفئدة قليلًا ما تشكرون,146,لام,هداية,replacement,,
32:9,As-Sajda,32,9,21,ثم سواه ونفخ فيه من روحه ۖ وجعل لكم السمع والأبصار والأفئدة ۚ قليلًا ما تشكرون,والأفئدة قليلًا ما تشكرون,146,لام,هداية,replacement,,
67:23,Al-Mulk,67,23,29,قل هو الذي أنشأكم وجعل لكم السمع والأبصار والأفئدة ۖ قليلًا ما تشكرون,والأفئدة قليلًا ما تشكرون,146,لام,هداية,replacement,,
16:29,An-Nahl,16,29,14,فادخلوا أبواب جهنم خالدين فيها ۖ فلبئس مثوى المتكبرين,فلبئس مثوى المتكبرين,147,لام,هداية,addition & subtraction,,yes
17:89,Al-Isra',17,89,15,ولقد صرفنا للناس في هذا القرآن من كل مثلٍ فأبى أكثر الناس إلا كفورًا,للناس في هذا القرآن,148,لام,هداية,order change,,
18:54,Al-Kahf,18,54,15,ولقد صرفنا في هذا القرآن للناس من كل مثلٍ ۚ وكان الإنسان أكثر شيءٍ جدلًا,في هذا القرآن للناس,148,لام,هداية,order change,,
19:73,Maryam,19,73,16,وإذا تتلى عليهم آياتنا بيناتٍ قال الذين كفروا للذين آمنوا أي الفريقين خير مقامًا وأحسن نديا,قال الذين كفروا للذين آمنوا,149,لام,هداية,addition & subtraction,without للذين آمنوا in all other places,
29:12,Al-Ankabut,29,12,20,وقال الذين كفروا للذين آمنوا اتبعوا سبيلنا ولنحمل خطاياكم وما هم بحاملين من خطاياهم من شيءٍ ۖ إنهم لكاذبون,وقال الذين كفروا للذين آمنوا,149,لام,هداية,addition & subtraction,without للذين آمنوا in all other places,
36:47,Ya Seen,36,47,23,وإذا قيل لهم أنفقوا مما رزقكم الله قال الذين كفروا للذين آمنوا أنطعم من لو يشاء الله أطعمه إن أنتم إلا في ضلالٍ مبينٍ,قال الذين كفروا للذين آمنوا,149,لام,هداية,addition & subtraction,without للذين آمنوا in all other places,
46:11,Al-Ahqaf,46,11,26,وقال الذين كفروا للذين آمنوا لو كان خيرًا ما سبقونا إليه ۚ وإذ لم يهتدوا به فسيقولون هذا إفك قديم,وقال الذين كفروا للذين آمنوا,149,لام,هداية,addition & subtraction,without للذين آمنوا in all other places,
22:67,Al-Hajj,22,67,17,لكل أمةٍ جعلنا منسكًا هم ناسكوه ۖ فلا ينازعنك في الأمر ۚ وادع إلى ربك ۖ إنك لعلى هدًى مستقيمٍ,لعلى هدًى,150,لام,هداية,addition & subtraction,without ل before على in all other places,
34:24,Saba',34,24,22,قل من يرزقكم من السماوات والأرض ۖ قل الله ۖ وإنا أو إياكم لعلى هدًى أو في ضلالٍ مبينٍ,لعلى هدًى,150,لام,هداية,addition & subtraction,without ل before على in all other places,
68:4,Al-Qalam,68,4,29,وإنك لعلى خلقٍ عظيمٍ,لعلى خلقٍ,150,لام,هداية,addition & subtraction,without ل before على in all other places,
29:62,Al-Ankabut,29,62,21,الله يبسط الرزق لمن يشاء من عباده ويقدر له ۚ إن الله بكل شيءٍ عليم,لمن يشاء من عباده ويقدر له,151,لام,هداية,addition & subtraction,without له after ويقدر in all other places,
34:39,Saba',34,39,22,قل إن ربي يبسط الرزق لمن يشاء من عباده ويقدر له ۚ وما أنفقتم من شيءٍ فهو يخلفه ۖ وهو خير الرازقين,لمن يشاء من عباده ويقدر له,151,لام,هداية,addition & subtraction,without له after ويقدر in all other places,
2:23,Al-Baqara,2,23,1,وإن كنتم في ريبٍ مما نزلنا على عبدنا فأتوا بسورةٍ من مثله وادعوا شهداءكم من دون الله إن كنتم صادقين,بسورةٍ من مثله,152,ميم,هداية,addition & subtraction,,
10:38,Yunus,10,38,11,أم يقولون افتراه ۖ قل فأتوا بسورةٍ مثله وادعوا من استطعتم من دون الله إن كنتم صادقين,بسورةٍ مثله,152,ميم,هداية,addition & subtraction,,
2:271,Al-Baqara,2,271,3,إن تبدوا الصدقات فنعما هي ۖ وإن تخفوها وتؤتوها الفقراء فهو خير لكم ۚ ويكفر عنكم من سيئاتكم ۗ والله بما تعملون خبير,عنكم من سيئاتكم,153,ميم,هداية,addition & subtraction,,
4:31,An-Nisa',4,31,5,إن تجتنبوا كبائر ما تنهون عنه نكفر عنكم سيئاتكم وندخلكم مدخلًا كريمًا,عنكم سيئاتكم,153,ميم,هداية,addition & subtraction,,
5:12,Al-Ma'ida,5,12,6,ولقد أخذ الله ميثاق بني إسرائيل وبعثنا منهم اثني عشر نقيبًا ۖ وقال الله إني معكم ۖ لئن أقمتم الصلاة وآتيتم الزكاة وآمنتم برسلي وعزرتموهم وأقرضتم الله قرضًا حسنًا لأكفرن عنكم سيئاتكم ولأدخلنكم جناتٍ تجري من تحتها الأنهار ۚ فمن كفر بعد ذلك منكم فقد ضل سواء السبيل,عنكم سيئاتكم,153,ميم,هداية,addition & subtraction,,
8:29,Al-Anfal,8,29,9,يا أيها الذين آمنوا إن تتقوا الله يجعل لكم فرقانًا ويكفر عنكم سيئاتكم ويغفر لكم ۗ والله ذو الفضل العظيم,عنكم سيئاتكم,153,ميم,هداية,addition & subtraction,,
66:8,At-Tahrim,66,8,28,يا أيها الذين آمنوا توبوا إلى الله توبةً نصوحًا عسى ربكم أن يكفر عنكم سيئاتكم ويدخلكم جناتٍ تجري من تحتها الأنهار يوم لا يخزي الله النبي والذين آمنوا معه ۖ نورهم يسعى بين أيديهم وبأيمانهم يقولون ربنا أتمم لنا نورنا واغفر لنا ۖ إنك على كل شيءٍ قدير,عنكم سيئاتكم,153,ميم,هداية,addition & subtraction,,
2:59,Al-Baqara,2,59,1,فبدل الذين ظلموا قولًا غير الذي قيل لهم فأنزلنا على الذين ظلموا رجزًا من السماء بما كانوا يفسقون,ظلموا قولًا,154,ميم,هداية,addition & subtraction,,
7:162,Al-A'raf,7,162,9,فبدل الذين ظلموا منهم قولًا غير الذي قيل لهم فأرسلنا عليهم رجزًا من السماء بما كانوا يظلمون,ظلموا منهم قولًا,154,ميم,هداية,addition & subtraction,,
2:80,Al-Baqara,2,80,1,وقالوا لن تمسنا النار إلا أيامًا معدودةً ۚ قل أتخذتم عند الله عهدًا فلن يخلف الله عهده ۖ أم تقولون على الله ما لا تعلمون,معدودةً,155,ميم,هداية,replacement,,
2:203,Al-Baqara,2,203,2,واذكروا الله في أيامٍ معدوداتٍ ۚ فمن تعجل في يومين فلا إثم عليه ومن تأخر فلا إثم عليه ۚ لمن اتقى ۗ واتقوا الله واعلموا أنكم إليه تحشرون,معدوداتٍ,155,ميم,هداية,replacement,,
3:24,Al Imran,3,24,3,ذلك بأنهم قالوا لن تمسنا النار إلا أيامًا معدوداتٍ ۖ وغرهم في دينهم ما كانوا يفترون,معدوداتٍ,155,ميم,هداية,replacement,,
22:28,Al-Hajj,22,28,17,ليشهدوا منافع لهم ويذكروا اسم الله في أيامٍ معلوماتٍ على ما رزقهم من بهيمة الأنعام ۖ فكلوا منها وأطعموا البائس الفقير,معلوماتٍ,155,ميم,هداية,replacement,,
27:2,An-Naml,27,2,19,هدًى وبشرى للمؤمنين,هدًى وبشرى للمؤمنين,156,ميم,هداية,replacement,,
2:97,Al-Baqara,2,97,1,قل من كان عدوا لجبريل فإنه نزله على قلبك بإذن الله مصدقًا لما بين يديه وهدًى وبشرى للمؤمنين,وهدًى وبشرى للمؤمنين,156,ميم,هداية,replacement,,
31:3,Luqman,31,3,21,هدًى ورحمةً للمحسنين,هدًى ورحمةً للمحسنين,156,ميم,هداية,replacement,,
16:89,An-Nahl,16,89,14,ويوم نبعث في كل أمةٍ شهيدًا عليهم من أنفسهم ۖ وجئنا بك شهيدًا على هؤلاء ۚ ونزلنا عليك الكتاب تبيانًا لكل شيءٍ وهدًى ورحمةً وبشرى للمسلمين,وهدًى ورحمةً وبشرى للمسلمين,156,ميم,هداية,replacement,,
16:102,An-Nahl,16,102,14,قل نزله روح القدس من ربك بالحق ليثبت الذين آمنوا وهدًى وبشرى للمسلمين,وهدًى وبشرى للمسلمين,156,ميم,هداية,replacement,,
2:184,Al-Baqara,2,184,2,أيامًا معدوداتٍ ۚ فمن كان منكم مريضًا أو على سفرٍ فعدة من أيامٍ أخر ۚ وعلى الذين يطيقونه فدية طعام مسكينٍ ۖ فمن تطوع خيرًا فهو خير له ۚ وأن تصوموا خير لكم ۖ إن كنتم تعلمون,منكم مريضًا,157,ميم,هداية,addition & subtraction,,
2:185,Al-Baqara,2,185,2,شهر رمضان الذي أنزل فيه القرآن هدًى للناس وبيناتٍ من الهدى والفرقان ۚ فمن شهد منكم الشهر فليصمه ۖ ومن كان مريضًا أو على سفرٍ فعدة من أيامٍ أخر ۗ يريد الله بكم اليسر ولا يريد بكم العسر ولتكملوا العدة ولتكبروا الله على ما هداكم ولعلكم تشكرون,مريضًا,157,ميم,هداية,addition & subtraction,,
10:66,Yunus,10,66,11,ألا إن لله من في السماوات ومن في الأرض ۗ وما يتبع الذين يدعون من دون الله شركاء ۚ إن يتبعون إلا الظن وإن هم إلا يخرصون,من في السماوات ومن في الأرض,158,ميم,هداية,addition & subtraction,,
22:18,Al-Hajj,22,18,17,ألم تر أن الله يسجد له من في السماوات ومن في الأرض والشمس والقمر والنجوم والجبال والشجر والدواب وكثير من الناس ۖ وكثير حق عليه العذاب ۗ ومن يهن الله فما له من مكرمٍ ۚ إن الله يفعل ما يشاء ۩,من في السماوات ومن في الأرض,158,ميم,هداية,addition & subtraction,,
27:87,An-Naml,27,87,20,ويوم ينفخ في الصور ففزع من في السماوات ومن في الأرض إلا من شاء الله ۚ وكل أتوه داخرين,من في السماوات ومن في الأرض,158,ميم,هداية,addition & subtraction,,
39:68,Az-Zumar,39,68,24,ونفخ في الصور فصعق من في السماوات ومن في الأرض إلا من شاء الله ۖ ثم نفخ فيه أخرى فإذا هم قيام ينظرون,من في السماوات ومن في الأرض,158,ميم,هداية,addition & subtraction,,
3:83,Al Imran,3,83,3,أفغير دين الله يبغون وله أسلم من في السماوات والأرض طوعًا وكرهًا وإليه يرجعون,من في السماوات والأرض,158,ميم,هداية,addition & subtraction,,
19:93,Maryam,19,93,16,إن كل من في السماوات والأرض إلا آتي الرحمن عبدًا,من في السماوات والأرض,158,ميم,هداية,addition & subtraction,,
13:15,Ar-Ra'd,13,15,13,ولله يسجد من في السماوات والأرض طوعًا وكرهًا وظلالهم بالغدو والآصال ۩,من في السماوات والأرض,158,ميم,هداية,addition & subtraction,,
21:19,Al-Anbiya',21,19,17,وله من في السماوات والأرض ۚ ومن عنده لا يستكبرون عن عبادته ولا يستحسرون,من في السماوات والأرض,158,ميم,هداية,addition & subtraction,,
24:41,An-Nur,24,41,18,ألم تر أن الله يسبح له من في السماوات والأرض والطير صافاتٍ ۖ كل قد علم صلاته وتسبيحه ۗ والله عليم بما يفعلون,من في السماوات والأرض,158,ميم,هداية,addition & subtraction,,
27:65,An-Naml,27,65,20,قل لا يعلم من في السماوات والأرض الغيب إلا الله ۚ وما يشعرون أيان يبعثون,من في السماوات والأرض,158,ميم,هداية,addition & subtraction,,
30:26,Ar-Rum,30,26,21,وله من في السماوات والأرض ۖ كل له قانتون,من في السماوات والأرض,158,ميم,هداية,addition & subtraction,,
55:29,Ar-Rahman,55,29,27,يسأله من في السماوات والأرض ۚ كل يومٍ هو في شأنٍ,من في السماوات والأرض,158,ميم,هداية,addition & subtraction,,
17:55,Al-Isra',17,55,15,وربك أعلم بمن في السماوات والأرض ۗ ولقد فضلنا بعض النبيين على بعضٍ ۖ وآتينا داوود زبورًا,بمن في السماوات والأرض,158,ميم,هداية,addition & subtraction,,yes
2:116,Al-Baqara,2,116,1,وقالوا اتخذ الله ولدًا ۗ سبحانه ۖ بل له ما في السماوات والأرض ۖ كل له قانتون,ما في السماوات والأرض,159,ميم,هداية,addition & subtraction,with وما في before الأرض in all other places (27),
4:170,An-Nisa',4,170,6,يا أيها الناس قد جاءكم الرسول بالحق من ربكم فآمنوا خيرًا لكم ۚ وإن تكفروا فإن لله ما في السماوات والأرض ۚ وكان الله عليمًا حكيمًا,ما في السماوات والأرض,159,ميم,هداية,addition & subtraction,with وما في before الأرض in all other places (27),
6:12,Al-An'am,6,12,7,قل لمن ما في السماوات والأرض ۖ قل لله ۚ كتب على نفسه الرحمة ۚ ليجمعنكم إلى يوم القيامة لا ريب فيه ۚ الذين خسروا أنفسهم فهم لا يؤمنون,ما في السماوات والأرض,159,ميم,هداية,addition & subtraction,with وما في before الأرض in all other places (27),
10:55,Yunus,10,55,11,ألا إن لله ما في السماوات والأرض ۗ ألا إن وعد الله حق ولكن أكثرهم لا يعلمون,ما في السماوات والأرض,159,ميم,هداية,addition & subtraction,with وما في before الأرض in all other places (27),
16:52,An-Nahl,16,52,14,وله ما في السماوات والأرض وله الدين واصبًا ۚ أفغير الله تتقون,ما في السماوات والأرض,159,ميم,هداية,addition & subtraction,with وما في before الأرض in all other places (27),
24:64,An-Nur,24,64,18,ألا إن لله ما في السماوات والأرض ۖ قد يعلم ما أنتم عليه ويوم يرجعون إليه فينبئهم بما عملوا ۗ والله بكل شيءٍ عليم,ما في السماوات والأرض,159,ميم,هداية,addition & subtraction,with وما في before الأرض in all other places (27),
29:52,Al-Ankabut,29,52,21,قل كفى بالله بيني وبينكم شهيدًا ۖ يعلم ما في السماوات والأرض ۗ والذين آمنوا بالباطل وكفروا بالله أولئك هم الخاسرون,ما في السماوات والأرض,159,ميم,هداية,addition & subtraction,with وما في before الأرض in all other places (27),
31:26,Luqman,31,26,21,لله ما في السماوات والأرض ۚ إن الله هو الغني الحميد,ما في السماوات والأرض,159,ميم,هداية,addition & subtraction,with وما في before الأرض in all other places (27),
57:1,Al-Hadid,57,1,27,سبح لله ما في السماوات والأرض ۖ وهو العزيز الحكيم,ما في السماوات والأرض,159,ميم,هداية,addition & subtraction,with وما في before الأرض in all other places (27),
59:24,Al-Hashr,59,24,28,هو الله الخالق البارئ المصور ۖ له الأسماء الحسنى ۚ يسبح له ما في السماوات والأرض ۖ وهو العزيز الحكيم,ما في السماوات والأرض,159,ميم,هداية,addition & subtraction,with وما في before الأرض in all other places (27),
64:4,At-Taghabun,64,4,28,يعلم ما في السماوات والأرض ويعلم ما تسرون وما تعلنون ۚ والله عليم بذات الصدور,ما في السماوات والأرض,159,ميم,هداية,addition & subtraction,with وما في before الأرض in all other places (27),
5:37,Al-Ma'ida,5,37,6,يريدون أن يخرجوا من النار وما هم بخارجين منها ۖ ولهم عذاب مقيم,عذاب مقيم,160,ميم,هداية,replacement,replaced with أليم and مهين and شديد and other phrases in all other places,
9:68,At-Tawba,9,68,10,وعد الله المنافقين والمنافقات والكفار نار جهنم خالدين فيها ۚ هي حسبهم ۚ ولعنهم الله ۖ ولهم عذاب مقيم,عذاب مقيم,160,ميم,هداية,replacement,replaced with أليم and مهين and شديد and other phrases in all other places,
11:39,Hud,11,39,12,فسوف تعلمون من يأتيه عذاب يخزيه ويحل عليه عذاب مقيم,عذاب مقيم,160,ميم,هداية,replacement,replaced with أليم and مهين and شديد and other phrases in all other places,
39:40,Az-Zumar,39,40,24,من يأتيه عذاب يخزيه ويحل عليه عذاب مقيم,عذاب مقيم,160,ميم,هداية,replacement,replaced with أليم and مهين and شديد and other phrases in all other places,
42:45,Ash-Shura,42,45,25,وتراهم يعرضون عليها خاشعين من الذل ينظرون من طرفٍ خفي ۗ وقال الذين آمنوا إن الخاسرين الذين خسروا أنفسهم وأهليهم يوم القيامة ۗ ألا إن الظالمين في عذابٍ مقيمٍ,عذابٍ مقيمٍ,160,ميم,هداية,replacement,replaced with أليم and مهين and شديد and other phrases in all other places,
4:91,An-Nisa',4,91,5,ستجدون آخرين يريدون أن يأمنوكم ويأمنوا قومهم كل ما ردوا إلى الفتنة أركسوا فيها ۚ فإن لم يعتزلوكم ويلقوا إليكم السلم ويكفوا أيديهم فخذوهم واقتلوهم حيث ثقفتموهم ۚ وأولئكم جعلنا لكم عليهم سلطانًا مبينًا,وأولئكم,161,ميم,هداية,replacement,replaced with أولئك in all other places,
54:43,Al-Qamar,54,43,27,أكفاركم خير من أولئكم أم لكم براءة في الزبر,أولئكم,161,ميم,هداية,replacement,replaced with أولئك in all other places,
6:95,Al-An'am,6,95,7,إن الله فالق الحب والنوى ۖ يخرج الحي من الميت ومخرج الميت من الحي ۚ ذلكم الله ۖ فأنى تؤفكون,ومخرج الميت من الحي,162,ميم,هداية,replacement,,yes
10:31,Yunus,10,31,11,قل من يرزقكم من السماء والأرض أمن يملك السمع والأبصار ومن يخرج الحي من الميت ويخرج الميت من الحي ومن يدبر الأمر ۚ فسيقولون الله ۚ فقل أفلا تتقون,ويخرج الميت من الحي,162,ميم,هداية,replacement,,
30:19,Ar-Rum,30,19,21,يخرج الحي من الميت ويخرج الميت من الحي ويحيي الأرض بعد موتها ۚ وكذلك تخرجون,ويخرج الميت من الحي,162,ميم,هداية,replacement,,
6:6,Al-An'am,6,6,7,ألم يروا كم أهلكنا من قبلهم من قرنٍ مكناهم في الأرض ما لم نمكن لكم وأرسلنا السماء عليهم مدرارًا وجعلنا الأنهار تجري من تحتهم فأهلكناهم بذنوبهم وأنشأنا من بعدهم قرنًا آخرين,من قبلهم من قرنٍ,163,ميم,هداية,replacement,,
38:3,Sad,38,3,23,كم أهلكنا من قبلهم من قرنٍ فنادوا ولات حين مناصٍ,من قبلهم من قرنٍ,163,ميم,هداية,replacement,,
32:26,As-Sajda,32,26,21,أولم يهد لهم كم أهلكنا من قبلهم من القرون يمشون في مساكنهم ۚ إن في ذلك لآياتٍ ۖ أفلا يسمعون,من قبلهم من القرون,163,ميم,هداية,replacement,,
19:74,Maryam,19,74,16,وكم أهلكنا قبلهم من قرنٍ هم أحسن أثاثًا ورئيًا,قبلهم من قرنٍ,163,ميم,هداية,replacement,,
19:98,Maryam,19,98,16,وكم أهلكنا قبلهم من قرنٍ هل تحس منهم من أحدٍ أو تسمع لهم ركزًا,قبلهم من قرنٍ,163,ميم,هداية,replacement,,
50:36,Qaf,50,36,26,وكم أهلكنا قبلهم من قرنٍ هم أشد منهم بطشًا فنقبوا في البلاد هل من محيصٍ,قبلهم من قرنٍ,163,ميم,هداية,replacement,,
20:128,Ta-Ha,20,128,16,أفلم يهد لهم كم أهلكنا قبلهم من القرون يمشون في مساكنهم ۗ إن في ذلك لآياتٍ لأولي النهى,قبلهم من القرون,163,ميم,هداية,replacement,,
36:31,Ya Seen,36,31,23,ألم يروا كم أهلكنا قبلهم من القرون أنهم إليهم لا يرجعون,قبلهم من القرون,163,ميم,هداية,replacement,,
6:6,Al-An'am,6,6,7,ألم يروا كم أهلكنا من قبلهم من قرنٍ مكناهم في الأرض ما لم نمكن لكم وأرسلنا السماء عليهم مدرارًا وجعلنا الأنهار تجري من تحتهم فأهلكناهم بذنوبهم وأنشأنا من بعدهم قرنًا آخرين,تجري من تحتهم,164,ميم,هداية,replacement,replaced with من تحتها in all other places,
7:43,Al-A'raf,7,43,8,ونزعنا ما في صدورهم من غل تجري من تحتهم الأنهار ۖ وقالوا الحمد لله الذي هدانا لهذا وما كنا لنهتدي لولا أن هدانا الله ۖ لقد جاءت رسل ربنا بالحق ۖ ونودوا أن تلكم الجنة أورثتموها بما كنتم تعملون,تجري من تحتهم,164,ميم,هداية,replacement,replaced with من تحتها in all other places,
10:9,Yunus,10,9,11,إن الذين آمنوا وعملوا الصالحات يهديهم ربهم بإيمانهم ۖ تجري من تحتهم الأنهار في جنات النعيم,تجري من تحتهم,164,ميم,هداية,replacement,replaced with من تحتها in all other places,
18:31,Al-Kahf,18,31,15,أولئك لهم جنات عدنٍ تجري من تحتهم الأنهار يحلون فيها من أساور من ذهبٍ ويلبسون ثيابًا خضرًا من سندسٍ وإستبرقٍ متكئين فيها على الأرائك ۚ نعم الثواب وحسنت مرتفقًا,تجري من تحتهم,164,ميم,هداية,replacement,replaced with من تحتها in all other places,
9:100,At-Tawba,9,100,11,والسابقون الأولون من المهاجرين والأنصار والذين اتبعوهم بإحسانٍ رضي الله عنهم ورضوا عنه وأعد لهم جناتٍ تجري تحتها الأنهار خالدين فيها أبدًا ۚ ذلك الفوز العظيم,تجري تحتها,164,ميم,هداية,replacement,replaced with من تحتها in all other places,yes
6:99,Al-An'am,6,99,7,وهو الذي أنزل من السماء ماءً فأخرجنا به نبات كل شيءٍ فأخرجنا منه خضرًا نخرج منه حبا متراكبًا ومن النخل من طلعها قنوان دانية وجناتٍ من أعنابٍ والزيتون والرمان مشتبهًا وغير متشابهٍ ۗ انظروا إلى ثمره إذا أثمر وينعه ۚ إن في ذلكم لآياتٍ لقومٍ يؤمنون,إن في ذلكم لآياتٍ,165,ميم,هداية,addition & subtraction,without م after ذلك in all other places (24),yes
27:69,An-Naml,27,69,20,قل سيروا في الأرض فانظروا كيف كان عاقبة المجرمين,عاقبة المجرمين,166,ميم,هداية,replacement,replaced with المفسدين and المكذبين and الظالمين in all other places,
7:84,Al-A'raf,7,84,8,وأمطرنا عليهم مطرًا ۖ فانظر كيف كان عاقبة المجرمين,عاقبة المجرمين,166,ميم,هداية,replacement,replaced with المفسدين and المكذبين and الظالمين in all other places,
11:20,Hud,11,20,12,أولئك لم يكونوا معجزين في الأرض وما كان لهم من دون الله من أولياء ۘ يضاعف لهم العذاب ۚ ما كانوا يستطيعون السمع وما كانوا يبصرون,من دون الله من أولياء,167,ميم,هداية,addition & subtraction,,
11:113,Hud,11,113,12,ولا تركنوا إلى الذين ظلموا فتمسكم النار وما لكم من دون الله من أولياء ثم لا تنصرون,من دون الله من أولياء,167,ميم,هداية,addition & subtraction,,
29:41,Al-Ankabut,29,41,20,مثل الذين اتخذوا من دون الله أولياء كمثل العنكبوت اتخذت بيتًا ۖ وإن أوهن البيوت لبيت العنكبوت ۖ لو كانوا يعلمون,من دون الله أولياء,167,ميم,هداية,addition & subtraction,,
45:10,Al-Jathiya,45,10,25,من ورائهم جهنم ۖ ولا يغني عنهم ما كسبوا شيئًا ولا ما اتخذوا من دون الله أولياء ۖ ولهم عذاب عظيم,من دون الله أولياء,167,ميم,هداية,addition & subtraction,,
14:10,Ibrahim,14,10,13,قالت رسلهم أفي الله شك فاطر السماوات والأرض ۖ يدعوكم ليغفر لكم من ذنوبكم ويؤخركم إلى أجلٍ مسمى ۚ قالوا إن أنتم إلا بشر مثلنا تريدون أن تصدونا عما كان يعبد آباؤنا فأتونا بسلطانٍ مبينٍ,ليغفر لكم من ذنوبكم,168,ميم,هداية,addition & subtraction,,
46:31,Al-Ahqaf,46,31,26,يا قومنا أجيبوا داعي الله وآمنوا به يغفر لكم من ذنوبكم ويجركم من عذابٍ أليمٍ,يغفر لكم من ذنوبكم,168,ميم,هداية,addition & subtraction,,
71:4,Nuh,71,4,29,يغفر لكم من ذنوبكم ويؤخركم إلى أجلٍ مسمى ۚ إن أجل الله إذا جاء لا يؤخر ۖ لو كنتم تعلمون,يغفر لكم من ذنوبكم,168,ميم,هداية,addition & subtraction,,
3:31,Al Imran,3,31,3,قل إن كنتم تحبون الله فاتبعوني يحببكم الله ويغفر لكم ذنوبكم ۗ والله غفور رحيم,ويغفر لكم ذنوبكم,168,ميم,هداية,addition & subtraction,,
33:71,Al-Ahzab,33,71,22,يصلح لكم أعمالكم ويغفر لكم ذنوبكم ۗ ومن يطع الله ورسوله فقد فاز فوزًا عظيمًا,ويغفر لكم ذنوبكم,168,ميم,هداية,addition & subtraction,,
61:12,As-Saff,61,12,28,يغفر لكم ذنوبكم ويدخلكم جناتٍ تجري من تحتها الأنهار ومساكن طيبةً في جنات عدنٍ ۚ ذلك الفوز العظيم,يغفر لكم ذنوبكم,168,ميم,هداية,addition & subtraction,,
16:84,An-Nahl,16,84,14,ويوم نبعث من كل أمةٍ شهيدًا ثم لا يؤذن للذين كفروا ولا هم يستعتبون,نبعث من كل أمةٍ,169,ميم,هداية,replacement,,
16:89,An-Nahl,16,89,14,ويوم نبعث في كل أمةٍ شهيدًا عليهم من أنفسهم ۖ وجئنا بك شهيدًا على هؤلاء ۚ ونزلنا عليك الكتاب تبيانًا لكل شيءٍ وهدًى ورحمةً وبشرى للمسلمين,نبعث في كل أمةٍ,169,ميم,هداية,replacement,,
16:14,An-Nahl,16,14,14,وهو الذي سخر البحر لتأكلوا منه لحمًا طريا وتستخرجوا منه حليةً تلبسونها وترى الفلك مواخر فيه ولتبتغوا من فضله ولعلكم تشكرون,وترى الفلك مواخر فيه، ولتبتغوا,170,ميم,هداية,multiple differences,,
35:12,Fatir,35,12,22,وما يستوي البحران هذا عذب فرات سائغ شرابه وهذا ملح أجاج ۖ ومن كل تأكلون لحمًا طريا وتستخرجون حليةً تلبسونها ۖ وترى الفلك فيه مواخر لتبتغوا من فضله ولعلكم تشكرون,وترى الفلك فيه مواخر، لتبتغوا,170,ميم,هداية,multiple differences,,
21:11,Al-Anbiya',21,11,17,وكم قصمنا من قريةٍ كانت ظالمةً وأنشأنا بعدها قومًا آخرين,وأنشأنا بعدها قومًا,171,ميم,هداية,replacement,,yes
6:6,Al-An'am,6,6,7,ألم يروا كم أهلكنا من قبلهم من قرنٍ مكناهم في الأرض ما لم نمكن لكم وأرسلنا السماء عليهم مدرارًا وجعلنا الأنهار تجري من تحتهم فأهلكناهم بذنوبهم وأنشأنا من بعدهم قرنًا آخرين,وأنشأنا من بعدهم قرنًا,171,ميم,هداية,replacement,,
23:31,Al-Mu'minoon,23,31,18,ثم أنشأنا من بعدهم قرنًا آخرين,أنشأنا من بعدهم قرنًا,171,ميم,هداية,replacement,,
23:42,Al-Mu'minoon,23,42,18,ثم أنشأنا من بعدهم قرونًا آخرين,أنشأنا من بعدهم قرونًا,171,ميم,هداية,replacement,,
21:84,Al-Anbiya',21,84,17,فاستجبنا له فكشفنا ما به من ضر ۖ وآتيناه أهله ومثلهم معهم رحمةً من عندنا وذكرى للعابدين,رحمةً من عندنا,172,ميم,هداية,replacement,,
38:43,Sad,38,43,23,ووهبنا له أهله ومثلهم معهم رحمةً منا وذكرى لأولي الألباب,رحمةً منا,172,ميم,هداية,replacement,,
22:5,Al-Hajj,22,5,17,يا أيها الناس إن كنتم في ريبٍ من البعث فإنا خلقناكم من ترابٍ ثم من نطفةٍ ثم من علقةٍ ثم من مضغةٍ مخلقةٍ وغير مخلقةٍ لنبين لكم ۚ ونقر في الأرحام ما نشاء إلى أجلٍ مسمى ثم نخرجكم طفلًا ثم لتبلغوا أشدكم ۖ ومنكم من يتوفى ومنكم من يرد إلى أرذل العمر لكيلا يعلم من بعد علمٍ شيئًا ۚ وترى الأرض هامدةً فإذا أنزلنا عليها الماء اهتزت وربت وأنبتت من كل زوجٍ بهيجٍ,يعلم من بعد,173,ميم,هداية,addition & subtraction,,
16:70,An-Nahl,16,70,14,والله خلقكم ثم يتوفاكم ۚ ومنكم من يرد إلى أرذل العمر لكي لا يعلم بعد علمٍ شيئًا ۚ إن الله عليم قدير,يعلم بعد,173,ميم,هداية,addition & subtraction,,
22:22,Al-Hajj,22,22,17,كلما أرادوا أن يخرجوا منها من غم أعيدوا فيها وذوقوا عذاب الحريق,يخرجوا منها من غم,174,ميم,هداية,addition & subtraction,,
32:20,As-Sajda,32,20,21,وأما الذين فسقوا فمأواهم النار ۖ كلما أرادوا أن يخرجوا منها أعيدوا فيها وقيل لهم ذوقوا عذاب النار الذي كنتم به تكذبون,يخرجوا منها,174,ميم,هداية,addition & subtraction,,
23:82,Al-Mu'minoon,23,82,18,قالوا أإذا متنا وكنا ترابًا وعظامًا أإنا لمبعوثون,أإنا لمبعوثون,175,ميم,هداية,replacement,,
27:67,An-Naml,27,67,20,وقال الذين كفروا أإذا كنا ترابًا وآباؤنا أئنا لمخرجون,أئنا لمخرجون,175,ميم,هداية,replacement,,
26:154,Ash-Shu'ara,26,154,19,ما أنت إلا بشر مثلنا فأت بآيةٍ إن كنت من الصادقين,ما أنت إلا,176,ميم,هداية,addition & subtraction,,
26:186,Ash-Shu'ara,26,186,19,وما أنت إلا بشر مثلنا وإن نظنك لمن الكاذبين,وما أنت إلا,176,ميم,هداية,addition & subtraction,,
27:13,An-Naml,27,13,19,فلما جاءتهم آياتنا مبصرةً قالوا هذا سحر مبين,آياتنا مبصرةً,177,ميم,هداية,replacement,replaced with اياتنا بينات in all other places,yes
28:37,Al-Qasas,28,37,20,وقال موسى ربي أعلم بمن جاء بالهدى من عنده ومن تكون له عاقبة الدار ۖ إنه لا يفلح الظالمون,أعلم بمن، بالهدى من عنده,178,ميم,هداية,addition & subtraction,,
28:85,Al-Qasas,28,85,20,إن الذي فرض عليك القرآن لرادك إلى معادٍ ۚ قل ربي أعلم من جاء بالهدى ومن هو في ضلالٍ مبينٍ,أعلم من، بالهدى,178,ميم,هداية,addition & subtraction,,
29:63,Al-Ankabut,29,63,21,ولئن سألتهم من نزل من السماء ماءً فأحيا به الأرض من بعد موتها ليقولن الله ۚ قل الحمد لله ۚ بل أكثرهم لا يعقلون,فأحيا به الأرض من بعد موتها,179,ميم,هداية,addition & subtraction,,yes
2:164,Al-Baqara,2,164,2,إن في خلق السماوات والأرض واختلاف الليل والنهار والفلك التي تجري في البحر بما ينفع الناس وما أنزل الله من السماء من ماءٍ فأحيا به الأرض بعد موتها وبث فيها من كل دابةٍ وتصريف الرياح والسحاب المسخر بين السماء والأرض لآياتٍ لقومٍ يعقلون,فأحيا به الأرض بعد موتها,179,ميم,هداية,addition & subtraction,,
16:65,An-Nahl,16,65,14,والله أنزل من السماء ماءً فأحيا به الأرض بعد موتها ۚ إن في ذلك لآيةً لقومٍ يسمعون,فأحيا به الأرض بعد موتها,179,ميم,هداية,addition & subtraction,,
45:5,Al-Jathiya,45,5,25,واختلاف الليل والنهار وما أنزل الله من السماء من رزقٍ فأحيا به الأرض بعد موتها وتصريف الرياح آيات لقومٍ يعقلون,فأحيا به الأرض بعد موتها,179,ميم,هداية,addition & subtraction,,
40:22,Ghafir,40,22,24,ذلك بأنهم كانت تأتيهم رسلهم بالبينات فكفروا فأخذهم الله ۚ إنه قوي شديد العقاب,بأنهم كانت,180,ميم,هداية,addition & subtraction,,
64:6,At-Taghabun,64,6,28,ذلك بأنه كانت تأتيهم رسلهم بالبينات فقالوا أبشر يهدوننا فكفروا وتولوا ۚ واستغنى الله ۚ والله غني حميد,بأنه كانت,180,ميم,هداية,addition & subtraction,,
58:2,Al-Mujadila,58,2,28,الذين يظاهرون منكم من نسائهم ما هن أمهاتهم ۖ إن أمهاتهم إلا اللائي ولدنهم ۚ وإنهم ليقولون منكرًا من القول وزورًا ۚ وإن الله لعفو غفور,يظاهرون منكم,181,ميم,هداية,addition & subtraction,,
58:3,Al-Mujadila,58,3,28,والذين يظاهرون من نسائهم ثم يعودون لما قالوا فتحرير رقبةٍ من قبل أن يتماسا ۚ ذلكم توعظون به ۚ والله بما تعملون خبير,يظاهرون,181,ميم,هداية,addition & subtraction,,
70:24,Al-Ma'arij,70,24,29,والذين في أموالهم حق معلوم,أموالهم حق معلوم,182,ميم,هداية,addition & subtraction,,
51:19,Adh-Dhariyat,51,19,26,وفي أموالهم حق للسائل والمحروم,أموالهم حق,182,ميم,هداية,addition & subtraction,,
2:62,Al-Baqara,2,62,1,إن الذين آمنوا والذين هادوا والنصارى والصابئين من آمن بالله واليوم الآخر وعمل صالحًا فلهم أجرهم عند ربهم ولا خوف عليهم ولا هم يحزنون,والنصارى والصابئين,183,نون,هداية,order change,,yes
22:17,Al-Hajj,22,17,17,إن الذين آمنوا والذين هادوا والصابئين والنصارى والمجوس والذين أشركوا إن الله يفصل بينهم يوم القيامة ۚ إن الله على كل شيءٍ شهيد,والصابئين والنصارى,183,نون,هداية,order change,,
5:69,Al-Ma'ida,5,69,6,إن الذين آمنوا والذين هادوا والصابئون والنصارى من آمن بالله واليوم الآخر وعمل صالحًا فلا خوف عليهم ولا هم يحزنون,والصابئون والنصارى,183,نون,هداية,order change,,
6:46,Al-An'am,6,46,7,قل أرأيتم إن أخذ الله سمعكم وأبصاركم وختم على قلوبكم من إله غير الله يأتيكم به ۗ انظر كيف نصرف الآيات ثم هم يصدفون,نصرف الآيات,184,نون,هداية,replacement,replaced with نفصل الآيات in all other places (6),
6:65,Al-An'am,6,65,7,قل هو القادر على أن يبعث عليكم عذابًا من فوقكم أو من تحت أرجلكم أو يلبسكم شيعًا ويذيق بعضكم بأس بعضٍ ۗ انظر كيف نصرف الآيات لعلهم يفقهون,نصرف الآيات,184,نون,هداية,replacement,,
6:105,Al-An'am,6,105,7,وكذلك نصرف الآيات وليقولوا درست ولنبينه لقومٍ يعلمون,نصرف الآيات,184,نون,هداية,replacement,,
7:58,Al-A'raf,7,58,8,والبلد الطيب يخرج نباته بإذن ربه ۖ والذي خبث لا يخرج إلا نكدًا ۚ كذلك نصرف الآيات لقومٍ يشكرون,نصرف الآيات,184,نون,هداية,replacement,,
6:71,Al-An'am,6,71,7,قل أندعو من دون الله ما لا ينفعنا ولا يضرنا ونرد على أعقابنا بعد إذ هدانا الله كالذي استهوته الشياطين في الأرض حيران له أصحاب يدعونه إلى الهدى ائتنا ۗ قل إن هدى الله هو الهدى ۖ وأمرنا لنسلم لرب العالمين,ما لا ينفعنا ولا يضرنا,185,نون,هداية,order change,,
7:188,Al-A'raf,7,188,9,قل لا أملك لنفسي نفعًا ولا ضرا إلا ما شاء الله ۚ ولو كنت أعلم الغيب لاستكثرت من الخير وما مسني السوء ۚ إن أنا إلا نذير وبشير لقومٍ يؤمنون,نفعًا ولا ضرا,185,نون,هداية,order change,,
10:106,Yunus,10,106,11,ولا تدع من دون الله ما لا ينفعك ولا يضرك ۖ فإن فعلت فإنك إذًا من الظالمين,ما لا ينفعك ولا يضرك,185,نون,هداية,order change,,
13:16,Ar-Ra'd,13,16,13,قل من رب السماوات والأرض قل الله ۚ قل أفاتخذتم من دونه أولياء لا يملكون لأنفسهم نفعًا ولا ضرا ۚ قل هل يستوي الأعمى والبصير أم هل تستوي الظلمات والنور ۗ أم جعلوا لله شركاء خلقوا كخلقه فتشابه الخلق عليهم ۚ قل الله خالق كل شيءٍ وهو الواحد القهار,نفعًا ولا ضرا,185,نون,هداية,order change,,
21:66,Al-Anbiya',21,66,17,قال أفتعبدون من دون الله ما لا ينفعكم شيئًا ولا يضركم,ما لا ينفعكم شيئًا ولا يضركم,185,نون,هداية,order change,,
25:55,Al-Furqan,25,55,19,ويعبدون من دون الله ما لا ينفعهم ولا يضرهم ۗ وكان الكافر على ربه ظهيرًا,ما لا ينفعهم ولا يضرهم,185,نون,هداية,order change,,
26:73,Ash-Shu'ara,26,73,19,أو ينفعونكم أو يضرون,أو ينفعونكم أو يضرون,185,نون,هداية,order change,,
34:42,Saba',34,42,22,فاليوم لا يملك بعضكم لبعضٍ نفعًا ولا ضرا ونقول للذين ظلموا ذوقوا عذاب النار التي كنتم بها تكذبون,نفعًا ولا ضرا,185,نون,هداية,order change,,
2:102,Al-Baqara,2,102,1,واتبعوا ما تتلو الشياطين على ملك سليمان ۖ وما كفر سليمان ولكن الشياطين كفروا يعلمون الناس السحر وما أنزل على الملكين ببابل هاروت وماروت ۚ وما يعلمان من أحدٍ حتى يقولا إنما نحن فتنة فلا تكفر ۖ فيتعلمون منهما ما يفرقون به بين المرء وزوجه ۚ وما هم بضارين به من أحدٍ إلا بإذن الله ۚ ويتعلمون ما يضرهم ولا ينفعهم ۚ ولقد علموا لمن اشتراه ما له في الآخرة من خلاقٍ ۚ ولبئس ما شروا به أنفسهم ۚ لو كانوا يعلمون,ما يضرهم ولا ينفعهم,185,نون,هداية,order change,,
5:76,Al-Ma'ida,5,76,6,قل أتعبدون من دون الله ما لا يملك لكم ضرا ولا نفعًا ۚ والله هو السميع العليم,ضرا ولا نفعًا,185,نون,هداية,order change,,
10:18,Yunus,10,18,11,ويعبدون من دون الله ما لا يضرهم ولا ينفعهم ويقولون هؤلاء شفعاؤنا عند الله ۚ قل أتنبئون الله بما لا يعلم في السماوات ولا في الأرض ۚ سبحانه وتعالى عما يشركون,ما لا يضرهم ولا ينفعهم,185,نون,هداية,order change,,
10:49,Yunus,10,49,11,قل لا أملك لنفسي ضرا ولا نفعًا إلا ما شاء الله ۗ لكل أمةٍ أجل ۚ إذا جاء أجلهم فلا يستأخرون ساعةً ۖ ولا يستقدمون,ضرا ولا نفعًا,185,نون,هداية,order change,,
20:89,Ta-Ha,20,89,16,أفلا يرون ألا يرجع إليهم قولًا ولا يملك لهم ضرا ولا نفعًا,ضرا ولا نفعًا,185,نون,هداية,order change,,
22:12,Al-Hajj,22,12,17,يدعو من دون الله ما لا يضره وما لا ينفعه ۚ ذلك هو الضلال البعيد,ما لا يضره وما لا ينفعه,185,نون,هداية,order change,,
22:13,Al-Hajj,22,13,17,يدعو لمن ضره أقرب من نفعه ۚ لبئس المولى ولبئس العشير,لمن ضره أقرب من نفعه,185,نون,هداية,order change,,
25:3,Al-Furqan,25,3,18,واتخذوا من دونه آلهةً لا يخلقون شيئًا وهم يخلقون ولا يملكون لأنفسهم ضرا ولا نفعًا ولا يملكون موتًا ولا حياةً ولا نشورًا,ضرا ولا نفعًا,185,نون,هداية,order change,,
48:11,Al-Fath,48,11,26,سيقول لك المخلفون من الأعراب شغلتنا أموالنا وأهلونا فاستغفر لنا ۚ يقولون بألسنتهم ما ليس في قلوبهم ۚ قل فمن يملك لكم من الله شيئًا إن أراد بكم ضرا أو أراد بكم نفعًا ۚ بل كان الله بما تعملون خبيرًا,أراد بكم ضرا أو أراد بكم نفعًا,185,نون,هداية,order change,,
7:94,Al-A'raf,7,94,9,وما أرسلنا في قريةٍ من نبي إلا أخذنا أهلها بالبأساء والضراء لعلهم يضرعون,في قريةٍ من نبي,186,نون,هداية,replacement,,yes
34:34,Saba',34,34,22,وما أرسلنا في قريةٍ من نذيرٍ إلا قال مترفوها إنا بما أرسلتم به كافرون,في قريةٍ من نذيرٍ,186,نون,هداية,replacement,,
43:23,Az-Zukhruf,43,23,25,وكذلك ما أرسلنا من قبلك في قريةٍ من نذيرٍ إلا قال مترفوها إنا وجدنا آباءنا على أمةٍ وإنا على آثارهم مقتدون,في قريةٍ من نذيرٍ,186,نون,هداية,replacement,,
14:9,Ibrahim,14,9,13,ألم يأتكم نبأ الذين من قبلكم قوم نوحٍ وعادٍ وثمود ۛ والذين من بعدهم ۛ لا يعلمهم إلا الله ۚ جاءتهم رسلهم بالبينات فردوا أيديهم في أفواههم وقالوا إنا كفرنا بما أرسلتم به وإنا لفي شك مما تدعوننا إليه مريبٍ,وإنا لفي شك، تدعوننا,187,نون,هداية,addition & subtraction,,
11:62,Hud,11,62,12,قالوا يا صالح قد كنت فينا مرجوا قبل هذا ۖ أتنهانا أن نعبد ما يعبد آباؤنا وإننا لفي شك مما تدعونا إليه مريبٍ,وإننا لفي شك، تدعونا,187,نون,هداية,addition & subtraction,,
15:12,Al-Hijr,15,12,14,كذلك نسلكه في قلوب المجرمين,نسلكه,188,نون,هداية,replacement,,
26:200,Ash-Shu'ara,26,200,19,كذلك سلكناه في قلوب المجرمين,سلكناه,188,نون,هداية,replacement,,
20:80,Ta-Ha,20,80,16,يا بني إسرائيل قد أنجيناكم من عدوكم وواعدناكم جانب الطور الأيمن ونزلنا عليكم المن والسلوى,ونزلنا عليكم المن والسلوى,189,نون,هداية,replacement,,
16:89,An-Nahl,16,89,14,ويوم نبعث في كل أمةٍ شهيدًا عليهم من أنفسهم ۖ وجئنا بك شهيدًا على هؤلاء ۚ ونزلنا عليك الكتاب تبيانًا لكل شيءٍ وهدًى ورحمةً وبشرى للمسلمين,ونزلنا عليك الكتاب,189,نون,هداية,replacement,,
50:9,Qaf,50,9,26,ونزلنا من السماء ماءً مباركًا فأنبتنا به جناتٍ وحب الحصيد,ونزلنا من السماء,189,نون,هداية,replacement,,
2:57,Al-Baqara,2,57,1,وظللنا عليكم الغمام وأنزلنا عليكم المن والسلوى ۖ كلوا من طيبات ما رزقناكم ۖ وما ظلمونا ولكن كانوا أنفسهم يظلمون,وأنزلنا عليكم المن والسلوى,189,نون,هداية,replacement,,
16:64,An-Nahl,16,64,14,وما أنزلنا عليك الكتاب إلا لتبين لهم الذي اختلفوا فيه ۙ وهدًى ورحمةً لقومٍ يؤمنون,أنزلنا عليك الكتاب,189,نون,هداية,replacement,,
31:10,Luqman,31,10,21,خلق السماوات بغير عمدٍ ترونها ۖ وألقى في الأرض رواسي أن تميد بكم وبث فيها من كل دابةٍ ۚ وأنزلنا من السماء ماءً فأنبتنا فيها من كل زوجٍ كريمٍ,وأنزلنا من السماء,189,نون,هداية,replacement,,
23:83,Al-Mu'minoon,23,83,18,لقد وعدنا نحن وآباؤنا هذا من قبل إن هذا إلا أساطير الأولين,لقد وعدنا نحن وآباؤنا هذا,190,نون,هداية,order change,,
27:68,An-Naml,27,68,20,لقد وعدنا هذا نحن وآباؤنا من قبل إن هذا إلا أساطير الأولين,لقد وعدنا هذا نحن وآباؤنا,190,نون,هداية,order change,,
27:70,An-Naml,27,70,20,ولا تحزن عليهم ولا تكن في ضيقٍ مما يمكرون,ولا تكن,191,نون,هداية,addition & subtraction,,
16:127,An-Nahl,16,127,14,واصبر وما صبرك إلا بالله ۚ ولا تحزن عليهم ولا تك في ضيقٍ مما يمكرون,ولا تك,191,نون,هداية,addition & subtraction,,
67:9,Al-Mulk,67,9,29,قالوا بلى قد جاءنا نذير فكذبنا وقلنا ما نزل الله من شيءٍ إن أنتم إلا في ضلالٍ كبيرٍ,ما نزل الله,192,نون,هداية,replacement,replaced with ما أنزل in all other places,
7:71,Al-A'raf,7,71,8,قال قد وقع عليكم من ربكم رجس وغضب ۖ أتجادلونني في أسماءٍ سميتموها أنتم وآباؤكم ما نزل الله بها من سلطانٍ ۚ فانتظروا إني معكم من المنتظرين,ما نزل الله,192,نون,هداية,replacement,replaced with ما أنزل in all other places,
47:26,Muhammad,47,26,26,ذلك بأنهم قالوا للذين كرهوا ما نزل الله سنطيعكم في بعض الأمر ۖ والله يعلم إسرارهم,ما نزل الله,192,نون,هداية,replacement,replaced with ما أنزل in all other places,
3:119,Al Imran,3,119,4,ها أنتم أولاء تحبونهم ولا يحبونكم وتؤمنون بالكتاب كله وإذا لقوكم قالوا آمنا وإذا خلوا عضوا عليكم الأنامل من الغيظ ۚ قل موتوا بغيظكم ۗ إن الله عليم بذات الصدور,ها أنتم أولاء,193,هاء,هداية,replacement,,yes
3:66,Al Imran,3,66,3,ها أنتم هؤلاء حاججتم فيما لكم به علم فلم تحاجون فيما ليس لكم به علم ۚ والله يعلم وأنتم لا تعلمون,ها أنتم هؤلاء,193,هاء,هداية,replacement,,
4:109,An-Nisa',4,109,5,ها أنتم هؤلاء جادلتم عنهم في الحياة الدنيا فمن يجادل الله عنهم يوم القيامة أم من يكون عليهم وكيلًا,ها أنتم هؤلاء,193,هاء,هداية,replacement,,
47:38,Muhammad,47,38,26,ها أنتم هؤلاء تدعون لتنفقوا في سبيل الله فمنكم من يبخل ۖ ومن يبخل فإنما يبخل عن نفسه ۚ والله الغني وأنتم الفقراء ۚ وإن تتولوا يستبدل قومًا غيركم ثم لا يكونوا أمثالكم,ها أنتم هؤلاء,193,هاء,هداية,replacement,,
9:72,At-Tawba,9,72,10,وعد الله المؤمنين والمؤمنات جناتٍ تجري من تحتها الأنهار خالدين فيها ومساكن طيبةً في جنات عدنٍ ۚ ورضوان من الله أكبر ۚ ذلك هو الفوز العظيم,ذلك هو الفوز العظيم,194,هاء,هداية,addition & subtraction,,
10:64,Yunus,10,64,11,لهم البشرى في الحياة الدنيا وفي الآخرة ۚ لا تبديل لكلمات الله ۚ ذلك هو الفوز العظيم,ذلك هو الفوز العظيم,194,هاء,هداية,addition & subtraction,,
44:57,Ad-Dukhan,44,57,25,فضلًا من ربك ۚ ذلك هو الفوز العظيم,ذلك هو الفوز العظيم,194,هاء,هداية,addition & subtraction,,
57:12,Al-Hadid,57,12,27,يوم ترى المؤمنين والمؤمنات يسعى نورهم بين أيديهم وبأيمانهم بشراكم اليوم جنات تجري من تحتها الأنهار خالدين فيها ۚ ذلك هو الفوز العظيم,ذلك هو الفوز العظيم,194,هاء,هداية,addition & subtraction,,
9:111,At-Tawba,9,111,11,إن الله اشترى من المؤمنين أنفسهم وأموالهم بأن لهم الجنة ۚ يقاتلون في سبيل الله فيقتلون ويقتلون ۖ وعدًا عليه حقا في التوراة والإنجيل والقرآن ۚ ومن أوفى بعهده من الله ۚ فاستبشروا ببيعكم الذي بايعتم به ۚ وذلك هو الفوز العظيم,وذلك هو الفوز العظيم,194,هاء,هداية,addition & subtraction,,
40:9,Ghafir,40,9,24,وقهم السيئات ۚ ومن تق السيئات يومئذٍ فقد رحمته ۚ وذلك هو الفوز العظيم,وذلك هو الفوز العظيم,194,هاء,هداية,addition & subtraction,,
4:13,An-Nisa',4,13,4,تلك حدود الله ۚ ومن يطع الله ورسوله يدخله جناتٍ تجري من تحتها الأنهار خالدين فيها ۚ وذلك الفوز العظيم,وذلك الفوز العظيم,194,هاء,هداية,addition & subtraction,,
5:119,Al-Ma'ida,5,119,7,قال الله هذا يوم ينفع الصادقين صدقهم ۚ لهم جنات تجري من تحتها الأنهار خالدين فيها أبدًا ۚ رضي الله عنهم ورضوا عنه ۚ ذلك الفوز العظيم,ذلك الفوز العظيم,194,هاء,هداية,addition & subtraction,,
9:89,At-Tawba,9,89,10,أعد الله لهم جناتٍ تجري من تحتها الأنهار خالدين فيها ۚ ذلك الفوز العظيم,ذلك الفوز العظيم,194,هاء,هداية,addition & subtraction,,
9:100,At-Tawba,9,100,11,والسابقون الأولون من المهاجرين والأنصار والذين اتبعوهم بإحسانٍ رضي الله عنهم ورضوا عنه وأعد لهم جناتٍ تجري تحتها الأنهار خالدين فيها أبدًا ۚ ذلك الفوز العظيم,ذلك الفوز العظيم,194,هاء,هداية,addition & subtraction,,
61:12,As-Saff,61,12,28,يغفر لكم ذنوبكم ويدخلكم جناتٍ تجري من تحتها الأنهار ومساكن طيبةً في جنات عدنٍ ۚ ذلك الفوز العظيم,ذلك الفوز العظيم,194,هاء,هداية,addition & subtraction,,
64:9,At-Taghabun,64,9,28,يوم يجمعكم ليوم الجمع ۖ ذلك يوم التغابن ۗ ومن يؤمن بالله ويعمل صالحًا يكفر عنه سيئاته ويدخله جناتٍ تجري من تحتها الأنهار خالدين فيها أبدًا ۚ ذلك الفوز العظيم,ذلك الفوز العظيم,194,هاء,هداية,addition & subtraction,,
7:13,Al-A'raf,7,13,8,قال فاهبط منها فما يكون لك أن تتكبر فيها فاخرج إنك من الصاغرين,فاهبط، فاخرج,195,هاء,هداية,replacement,replaced with اخرج in all other places,yes
7:82,Al-A'raf,7,82,8,وما كان جواب قومه إلا أن قالوا أخرجوهم من قريتكم ۖ إنهم أناس يتطهرون,أخرجوهم,196,هاء,هداية,replacement,,
27:56,An-Naml,27,56,20,فما كان جواب قومه إلا أن قالوا أخرجوا آل لوطٍ من قريتكم ۖ إنهم أناس يتطهرون,أخرجوا آل,196,هاء,هداية,replacement,,
12:37,Yusuf,12,37,12,قال لا يأتيكما طعام ترزقانه إلا نبأتكما بتأويله قبل أن يأتيكما ۚ ذلكما مما علمني ربي ۚ إني تركت ملة قومٍ لا يؤمنون بالله وهم بالآخرة هم كافرون,وهم بالآخرة هم كافرون,197,هاء,هداية,addition & subtraction,,
11:19,Hud,11,19,12,الذين يصدون عن سبيل الله ويبغونها عوجًا وهم بالآخرة هم كافرون,وهم بالآخرة هم كافرون,197,هاء,هداية,addition & subtraction,,
41:7,Fussilat,41,7,24,الذين لا يؤتون الزكاة وهم بالآخرة هم كافرون,وهم بالآخرة هم كافرون,197,هاء,هداية,addition & subtraction,,
7:45,Al-A'raf,7,45,8,الذين يصدون عن سبيل الله ويبغونها عوجًا وهم بالآخرة كافرون,وهم بالآخرة كافرون,197,هاء,هداية,addition & subtraction,,yes
16:66,An-Nahl,16,66,14,وإن لكم في الأنعام لعبرةً ۖ نسقيكم مما في بطونه من بين فرثٍ ودمٍ لبنًا خالصًا سائغًا للشاربين,بطونه,198,هاء,هداية,replacement,,
23:21,Al-Mu'minoon,23,21,18,وإن لكم في الأنعام لعبرةً ۖ نسقيكم مما في بطونها ولكم فيها منافع كثيرة ومنها تأكلون,بطونها,198,هاء,هداية,replacement,,
22:62,Al-Hajj,22,62,17,ذلك بأن الله هو الحق وأن ما يدعون من دونه هو الباطل وأن الله هو العلي الكبير,دونه هو الباطل,199,هاء,هداية,addition & subtraction,,
31:30,Luqman,31,30,21,ذلك بأن الله هو الحق وأن ما يدعون من دونه الباطل وأن الله هو العلي الكبير,دونه الباطل,199,هاء,هداية,addition & subtraction,,
48:24,Al-Fath,48,24,26,وهو الذي كف أيديهم عنكم وأيديكم عنهم ببطن مكة من بعد أن أظفركم عليهم ۚ وكان الله بما تعملون بصيرًا,أيديهم عنكم، وأيديكم عنهم,200,هاء,هداية,replacement,,
5:11,Al-Ma'ida,5,11,6,يا أيها الذين آمنوا اذكروا نعمت الله عليكم إذ هم قوم أن يبسطوا إليكم أيديهم فكف أيديهم عنكم ۖ واتقوا الله ۚ وعلى الله فليتوكل المؤمنون,أيديهم عنكم,200,هاء,هداية,replacement,,
66:12,At-Tahrim,66,12,28,ومريم ابنت عمران التي أحصنت فرجها فنفخنا فيه من روحنا وصدقت بكلمات ربها وكتبه وكانت من القانتين,فنفخنا فيه,201,هاء,هداية,replacement,,
21:91,Al-Anbiya',21,91,17,والتي أحصنت فرجها فنفخنا فيها من روحنا وجعلناها وابنها آيةً للعالمين,فنفخنا فيها,201,هاء,هداية,replacement,,
3:12,Al Imran,3,12,3,قل للذين كفروا ستغلبون وتحشرون إلى جهنم ۚ وبئس المهاد,وبئس المهاد,202,واو,هداية,replacement,,
3:197,Al Imran,3,197,4,متاع قليل ثم مأواهم جهنم ۚ وبئس المهاد,وبئس المهاد,202,واو,هداية,replacement,,
13:18,Ar-Ra'd,13,18,13,للذين استجابوا لربهم الحسنى ۚ والذين لم يستجيبوا له لو أن لهم ما في الأرض جميعًا ومثله معه لافتدوا به ۚ أولئك لهم سوء الحساب ومأواهم جهنم ۖ وبئس المهاد,وبئس المهاد,202,واو,هداية,replacement,,
14:29,Ibrahim,14,29,13,جهنم يصلونها ۖ وبئس القرار,وبئس القرار,202,واو,هداية,replacement,,
2:206,Al-Baqara,2,206,2,وإذا قيل له اتق الله أخذته العزة بالإثم ۚ فحسبه جهنم ۚ ولبئس المهاد,ولبئس المهاد,202,واو,هداية,replacement,,
38:56,Sad,38,56,23,جهنم يصلونها فبئس المهاد,فبئس المهاد,202,واو,هداية,replacement,,
38:60,Sad,38,60,23,قالوا بل أنتم لا مرحبًا بكم ۖ أنتم قدمتموه لنا ۖ فبئس القرار,فبئس القرار,202,واو,هداية,replacement,,
3:47,Al Imran,3,47,3,قالت رب أنى يكون لي ولد ولم يمسسني بشر ۖ قال كذلك الله يخلق ما يشاء ۚ إذا قضى أمرًا فإنما يقول له كن فيكون,أنى يكون لي ولد,203,واو,هداية,replacement,,yes
3:40,Al Imran,3,40,3,قال رب أنى يكون لي غلام وقد بلغني الكبر وامرأتي عاقر ۖ قال كذلك الله يفعل ما يشاء,أنى يكون لي غلام,203,واو,هداية,replacement,,
19:8,Maryam,19,8,16,قال رب أنى يكون لي غلام وكانت امرأتي عاقرًا وقد بلغت من الكبر عتيا,أنى يكون لي غلام,203,واو,هداية,replacement,,
19:20,Maryam,19,20,16,قالت أنى يكون لي غلام ولم يمسسني بشر ولم أك بغيا,أنى يكون لي غلام,203,واو,هداية,replacement,,
4:81,An-Nisa',4,81,5,ويقولون طاعة فإذا برزوا من عندك بيت طائفة منهم غير الذي تقول ۖ والله يكتب ما يبيتون ۖ فأعرض عنهم وتوكل على الله ۚ وكفى بالله وكيلًا,وكفى بالله وكيلًا,204,واو,هداية,replacement,,
4:132,An-Nisa',4,132,5,ولله ما في السماوات وما في الأرض ۚ وكفى بالله وكيلًا,وكفى بالله وكيلًا,204,واو,هداية,replacement,,
4:171,An-Nisa',4,171,6,يا أهل الكتاب لا تغلوا في دينكم ولا تقولوا على الله إلا الحق ۚ إنما المسيح عيسى ابن مريم رسول الله وكلمته ألقاها إلى مريم وروح منه ۖ فآمنوا بالله ورسله ۖ ولا تقولوا ثلاثة ۚ انتهوا خيرًا لكم ۚ إنما الله إله واحد ۖ سبحانه أن يكون له ولد ۘ له ما في السماوات وما في الأرض ۗ وكفى بالله وكيلًا,وكفى بالله وكيلًا,204,واو,هداية,replacement,,
33:3,Al-Ahzab,33,3,21,وتوكل على الله ۚ وكفى بالله وكيلًا,وكفى بالله وكيلًا,204,واو,هداية,replacement,,
33:48,Al-Ahzab,33,48,22,ولا تطع الكافرين والمنافقين ودع أذاهم وتوكل على الله ۚ وكفى بالله وكيلًا,وكفى بالله وكيلًا,204,واو,هداية,replacement,,
4:6,An-Nisa',4,6,4,وابتلوا اليتامى حتى إذا بلغوا النكاح فإن آنستم منهم رشدًا فادفعوا إليهم أموالهم ۖ ولا تأكلوها إسرافًا وبدارًا أن يكبروا ۚ ومن كان غنيا فليستعفف ۖ ومن كان فقيرًا فليأكل بالمعروف ۚ فإذا دفعتم إليهم أموالهم فأشهدوا عليهم ۚ وكفى بالله حسيبًا,وكفى بالله حسيبًا,204,واو,هداية,replacement,,
33:39,Al-Ahzab,33,39,22,الذين يبلغون رسالات الله ويخشونه ولا يخشون أحدًا إلا الله ۗ وكفى بالله حسيبًا,وكفى بالله حسيبًا,204,واو,هداية,replacement,,
4:45,An-Nisa',4,45,5,والله أعلم بأعدائكم ۚ وكفى بالله وليا وكفى بالله نصيرًا,وكفى بالله وليا، وكفى بالله نصيرًا,204,واو,هداية,replacement,,
4:79,An-Nisa',4,79,5,ما أصابك من حسنةٍ فمن الله ۖ وما أصابك من سيئةٍ فمن نفسك ۚ وأرسلناك للناس رسولًا ۚ وكفى بالله شهيدًا,وكفى بالله شهيدًا,204,واو,هداية,replacement,,
4:166,An-Nisa',4,166,6,لكن الله يشهد بما أنزل إليك ۖ أنزله بعلمه ۖ والملائكة يشهدون ۚ وكفى بالله شهيدًا,وكفى بالله شهيدًا,204,واو,هداية,replacement,,
10:29,Yunus,10,29,11,فكفى بالله شهيدًا بيننا وبينكم إن كنا عن عبادتكم لغافلين,فكفى بالله شهيدًا,204,واو,هداية,replacement,,
13:43,Ar-Ra'd,13,43,13,ويقول الذين كفروا لست مرسلًا ۚ قل كفى بالله شهيدًا بيني وبينكم ومن عنده علم الكتاب,قل كفى بالله شهيدًا,204,واو,هداية,replacement,,
17:96,Al-Isra',17,96,15,قل كفى بالله شهيدًا بيني وبينكم ۚ إنه كان بعباده خبيرًا بصيرًا,قل كفى بالله شهيدًا,204,واو,هداية,replacement,,
48:28,Al-Fath,48,28,26,هو الذي أرسل رسوله بالهدى ودين الحق ليظهره على الدين كله ۚ وكفى بالله شهيدًا,وكفى بالله شهيدًا,204,واو,هداية,replacement,,
7:100,Al-A'raf,7,100,9,أولم يهد للذين يرثون الأرض من بعد أهلها أن لو نشاء أصبناهم بذنوبهم ۚ ونطبع على قلوبهم فهم لا يسمعون,أولم يهد,205,واو,هداية,replacement,,
32:26,As-Sajda,32,26,21,أولم يهد لهم كم أهلكنا من قبلهم من القرون يمشون في مساكنهم ۚ إن في ذلك لآياتٍ ۖ أفلا يسمعون,أولم يهد,205,واو,هداية,replacement,,
20:128,Ta-Ha,20,128,16,أفلم يهد لهم كم أهلكنا قبلهم من القرون يمشون في مساكنهم ۗ إن في ذلك لآياتٍ لأولي النهى,أفلم يهد,205,واو,هداية,replacement,,yes
7:82,Al-A'raf,7,82,8,وما كان جواب قومه إلا أن قالوا أخرجوهم من قريتكم ۖ إنهم أناس يتطهرون,وما كان جواب قومه,206,واو,هداية,replacement,,yes
27:56,An-Naml,27,56,20,فما كان جواب قومه إلا أن قالوا أخرجوا آل لوطٍ من قريتكم ۖ إنهم أناس يتطهرون,فما كان جواب قومه,206,واو,هداية,replacement,,
29:24,Al-Ankabut,29,24,20,فما كان جواب قومه إلا أن قالوا اقتلوه أو حرقوه فأنجاه الله من النار ۚ إن في ذلك لآياتٍ لقومٍ يؤمنون,فما كان جواب قومه,206,واو,هداية,replacement,,
29:29,Al-Ankabut,29,29,20,أئنكم لتأتون الرجال وتقطعون السبيل وتأتون في ناديكم المنكر ۖ فما كان جواب قومه إلا أن قالوا ائتنا بعذاب الله إن كنت من الصادقين,فما كان جواب قومه,206,واو,هداية,replacement,,
7:113,Al-A'raf,7,113,9,وجاء السحرة فرعون قالوا إن لنا لأجرًا إن كنا نحن الغالبين,وجاء السحرة,207,واو,هداية,replacement,,yes
10:80,Yunus,10,80,11,فلما جاء السحرة قال لهم موسى ألقوا ما أنتم ملقون,فلما جاء السحرة,207,واو,هداية,replacement,,
26:41,Ash-Shu'ara,26,41,19,فلما جاء السحرة قالوا لفرعون أئن لنا لأجرًا إن كنا نحن الغالبين,فلما جاء السحرة,207,واو,هداية,replacement,,
12:22,Yusuf,12,22,12,ولما بلغ أشده آتيناه حكمًا وعلمًا ۚ وكذلك نجزي المحسنين,ولما بلغ أشده,208,واو,هداية,replacement,replaced with فلما in all other places (9),
12:59,Yusuf,12,59,13,ولما جهزهم بجهازهم قال ائتوني بأخٍ لكم من أبيكم ۚ ألا ترون أني أوفي الكيل وأنا خير المنزلين,ولما جهزهم,208,واو,هداية,replacement,replaced with فلما in all other places (9),
12:65,Yusuf,12,65,13,ولما فتحوا متاعهم وجدوا بضاعتهم ردت إليهم ۖ قالوا يا أبانا ما نبغي ۖ هذه بضاعتنا ردت إلينا ۖ ونمير أهلنا ونحفظ أخانا ونزداد كيل بعيرٍ ۖ ذلك كيل يسير,ولما فتحوا,208,واو,هداية,replacement,replaced with فلما in all other places (9),
12:68,Yusuf,12,68,13,ولما دخلوا من حيث أمرهم أبوهم ما كان يغني عنهم من الله من شيءٍ إلا حاجةً في نفس يعقوب قضاها ۚ وإنه لذو علمٍ لما علمناه ولكن أكثر الناس لا يعلمون,ولما دخلوا,208,واو,هداية,replacement,replaced with فلما in all other places (9),
12:69,Yusuf,12,69,13,ولما دخلوا على يوسف آوى إليه أخاه ۖ قال إني أنا أخوك فلا تبتئس بما كانوا يعملون,ولما دخلوا,208,واو,هداية,replacement,replaced with فلما in all other places (9),
12:94,Yusuf,12,94,13,ولما فصلت العير قال أبوهم إني لأجد ريح يوسف ۖ لولا أن تفندون,ولما فصلت,208,واو,هداية,replacement,replaced with فلما in all other places (9),
21:93,Al-Anbiya',21,93,17,وتقطعوا أمرهم بينهم ۖ كل إلينا راجعون,وتقطعوا أمرهم,209,واو,هداية,replacement,,
23:53,Al-Mu'minoon,23,53,18,فتقطعوا أمرهم بينهم زبرًا ۖ كل حزبٍ بما لديهم فرحون,فتقطعوا أمرهم,209,واو,هداية,replacement,,
28:60,Al-Qasas,28,60,20,وما أوتيتم من شيءٍ فمتاع الحياة الدنيا وزينتها ۚ وما عند الله خير وأبقى ۚ أفلا تعقلون,وما أوتيتم من شيءٍ، الدنيا وزينتها,210,واو,هداية,multiple differences,,
42:36,Ash-Shura,42,36,25,فما أوتيتم من شيءٍ فمتاع الحياة الدنيا ۖ وما عند الله خير وأبقى للذين آمنوا وعلى ربهم يتوكلون,فما أوتيتم من شيءٍ، الدنيا,210,واو,هداية,multiple differences,,
38:4,Sad,38,4,23,وعجبوا أن جاءهم منذر منهم ۖ وقال الكافرون هذا ساحر كذاب,وقال الكافرون هذا,211,واو,هداية,replacement,,
50:2,Qaf,50,2,26,بل عجبوا أن جاءهم منذر منهم فقال الكافرون هذا شيء عجيب,فقال الكافرون هذا,211,واو,هداية,replacement,,
39:8,Az-Zumar,39,8,23,وإذا مس الإنسان ضر دعا ربه منيبًا إليه ثم إذا خوله نعمةً منه نسي ما كان يدعو إليه من قبل وجعل لله أندادًا ليضل عن سبيله ۚ قل تمتع بكفرك قليلًا ۖ إنك من أصحاب النار,وإذا مس الإنسان ضر,212,واو,هداية,replacement,,
39:49,Az-Zumar,39,49,24,فإذا مس الإنسان ضر دعانا ثم إذا خولناه نعمةً منا قال إنما أوتيته على علمٍ ۚ بل هي فتنة ولكن أكثرهم لا يعلمون,فإذا مس الإنسان ضر,212,واو,هداية,replacement,,
30:33,Ar-Rum,30,33,21,وإذا مس الناس ضر دعوا ربهم منيبين إليه ثم إذا أذاقهم منه رحمةً إذا فريق منهم بربهم يشركون,وإذا مس الناس ضر,212,واو,هداية,replacement,,
10:12,Yunus,10,12,11,وإذا مس الإنسان الضر دعانا لجنبه أو قاعدًا أو قائمًا فلما كشفنا عنه ضره مر كأن لم يدعنا إلى ضر مسه ۚ كذلك زين للمسرفين ما كانوا يعملون,وإذا مس الإنسان الضر,212,واو,هداية,replacement,,
40:7,Ghafir,40,7,24,الذين يحملون العرش ومن حوله يسبحون بحمد ربهم ويؤمنون به ويستغفرون للذين آمنوا ربنا وسعت كل شيءٍ رحمةً وعلمًا فاغفر للذين تابوا واتبعوا سبيلك وقهم عذاب الجحيم,يسبحون بحمد ربهم ويؤمنون به ويستغفرون,213,واو,هداية,addition & subtraction,,
42:5,Ash-Shura,42,5,25,تكاد السماوات يتفطرن من فوقهن ۚ والملائكة يسبحون بحمد ربهم ويستغفرون لمن في الأرض ۗ ألا إن الله هو الغفور الرحيم,يسبحون بحمد ربهم ويستغفرون,214,واو,هداية,addition & subtraction,,
26:8,Ash-Shu'ara,26,8,19,إن في ذلك لآيةً ۖ وما كان أكثرهم مؤمنين,إن في ذلك لآيةً,215,لام ألف,هداية,replacement,replaced with لآيات in all other places,
26:67,Ash-Shu'ara,26,67,19,إن في ذلك لآيةً ۖ وما كان أكثرهم مؤمنين,إن في ذلك لآيةً,215,لام ألف,هداية,replacement,replaced with لآيات in all other places,
26:103,Ash-Shu'ara,26,103,19,إن في ذلك لآيةً ۖ وما كان أكثرهم مؤمنين,إن في ذلك لآيةً,215,لام ألف,هداية,replacement,replaced with لآيات in all other places,
26:121,Ash-Shu'ara,26,121,19,إن في ذلك لآيةً ۖ وما كان أكثرهم مؤمنين,إن في ذلك لآيةً,215,لام ألف,هداية,replacement,replaced with لآيات in all other places,
26:139,Ash-Shu'ara,26,139,19,فكذبوه فأهلكناهم ۗ إن في ذلك لآيةً ۖ وما كان أكثرهم مؤمنين,إن في ذلك لآيةً,215,لام ألف,هداية,replacement,replaced with لآيات in all other places,
26:158,Ash-Shu'ara,26,158,19,فأخذهم العذاب ۗ إن في ذلك لآيةً ۖ وما كان أكثرهم مؤمنين,إن في ذلك لآيةً,215,لام ألف,هداية,replacement,replaced with لآيات in all other places,
26:174,Ash-Shu'ara,26,174,19,إن في ذلك لآيةً ۖ وما كان أكثرهم مؤمنين,إن في ذلك لآيةً,215,لام ألف,هداية,replacement,replaced with لآيات in all other places,
26:190,Ash-Shu'ara,26,190,19,إن في ذلك لآيةً ۖ وما كان أكثرهم مؤمنين,إن في ذلك لآيةً,215,لام ألف,هداية,replacement,replaced with لآيات in all other places,
16:11,An-Nahl,16,11,14,ينبت لكم به الزرع والزيتون والنخيل والأعناب ومن كل الثمرات ۗ إن في ذلك لآيةً لقومٍ يتفكرون,إن في ذلك لآيةً,215,لام ألف,هداية,replacement,replaced with لآيات in all other places,
16:13,An-Nahl,16,13,14,وما ذرأ لكم في الأرض مختلفًا ألوانه ۗ إن في ذلك لآيةً لقومٍ يذكرون,إن في ذلك لآيةً,215,لام ألف,هداية,replacement,replaced with لآيات in all other places,
16:65,An-Nahl,16,65,14,والله أنزل من السماء ماءً فأحيا به الأرض بعد موتها ۚ إن في ذلك لآيةً لقومٍ يسمعون,إن في ذلك لآيةً,215,لام ألف,هداية,replacement,replaced with لآيات in all other places,
16:67,An-Nahl,16,67,14,ومن ثمرات النخيل والأعناب تتخذون منه سكرًا ورزقًا حسنًا ۗ إن في ذلك لآيةً لقومٍ يعقلون,إن في ذلك لآيةً,215,لام ألف,هداية,replacement,replaced with لآيات in all other places,
16:69,An-Nahl,16,69,14,ثم كلي من كل الثمرات فاسلكي سبل ربك ذللًا ۚ يخرج من بطونها شراب مختلف ألوانه فيه شفاء للناس ۗ إن في ذلك لآيةً لقومٍ يتفكرون,إن في ذلك لآيةً,215,لام ألف,هداية,replacement,replaced with لآيات in all other places,
2:248,Al-Baqara,2,248,2,وقال لهم نبيهم إن آية ملكه أن يأتيكم التابوت فيه سكينة من ربكم وبقية مما ترك آل موسى وآل هارون تحمله الملائكة ۚ إن في ذلك لآيةً لكم إن كنتم مؤمنين,إن في ذلك لآيةً,215,لام ألف,هداية,replacement,replaced with لآيات in all other places,
3:49,Al Imran,3,49,3,ورسولًا إلى بني إسرائيل أني قد جئتكم بآيةٍ من ربكم ۖ أني أخلق لكم من الطين كهيئة الطير فأنفخ فيه فيكون طيرًا بإذن الله ۖ وأبرئ الأكمه والأبرص وأحيي الموتى بإذن الله ۖ وأنبئكم بما تأكلون وما تدخرون في بيوتكم ۚ إن في ذلك لآيةً لكم إن كنتم مؤمنين,إن في ذلك لآيةً,215,لام ألف,هداية,replacement,replaced with لآيات in all other places,
11:103,Hud,11,103,12,إن في ذلك لآيةً لمن خاف عذاب الآخرة ۚ ذلك يوم مجموع له الناس وذلك يوم مشهود,إن في ذلك لآيةً,215,لام ألف,هداية,replacement,replaced with لآيات in all other places,
15:77,Al-Hijr,15,77,14,إن في ذلك لآيةً للمؤمنين,إن في ذلك لآيةً,215,لام ألف,هداية,replacement,replaced with لآيات in all other places,
27:52,An-Naml,27,52,19,فتلك بيوتهم خاويةً بما ظلموا ۗ إن في ذلك لآيةً لقومٍ يعلمون,إن في ذلك لآيةً,215,لام ألف,هداية,replacement,replaced with لآيات in all other places,
29:44,Al-Ankabut,29,44,20,خلق الله السماوات والأرض بالحق ۚ إن في ذلك لآيةً للمؤمنين,إن في ذلك لآيةً,215,لام ألف,هداية,replacement,replaced with لآيات in all other places,
34:9,Saba',34,9,22,أفلم يروا إلى ما بين أيديهم وما خلفهم من السماء والأرض ۚ إن نشأ نخسف بهم الأرض أو نسقط عليهم كسفًا من السماء ۚ إن في ذلك لآيةً لكل عبدٍ منيبٍ,إن في ذلك لآيةً,215,لام ألف,هداية,replacement,replaced with لآيات in all other places,
2:48,Al-Baqara,2,48,1,واتقوا يومًا لا تجزي نفس عن نفسٍ شيئًا ولا يقبل منها شفاعة ولا يؤخذ منها عدل ولا هم ينصرون,ولا يقبل منها شفاعة، ولا يؤخذ منها عدل,216,ياء,هداية,multiple differences,,
2:123,Al-Baqara,2,123,1,واتقوا يومًا لا تجزي نفس عن نفسٍ شيئًا ولا يقبل منها عدل ولا تنفعها شفاعة ولا هم ينصرون,ولا يقبل منها عدل، ولا تنفعها شفاعة,216,ياء,هداية,multiple differences,,
2:49,Al-Baqara,2,49,1,وإذ نجيناكم من آل فرعون يسومونكم سوء العذاب يذبحون أبناءكم ويستحيون نساءكم ۚ وفي ذلكم بلاء من ربكم عظيم,يذبحون أبناءكم,217,ياء,هداية,replacement,,
14:6,Ibrahim,14,6,13,وإذ قال موسى لقومه اذكروا نعمة الله عليكم إذ أنجاكم من آل فرعون يسومونكم سوء العذاب ويذبحون أبناءكم ويستحيون نساءكم ۚ وفي ذلكم بلاء من ربكم عظيم,ويذبحون أبناءكم,217,ياء,هداية,replacement,,
7:141,Al-A'raf,7,141,9,وإذ أنجيناكم من آل فرعون يسومونكم سوء العذاب ۖ يقتلون أبناءكم ويستحيون نساءكم ۚ وفي ذلكم بلاء من ربكم عظيم,يقتلون أبناءكم,217,ياء,هداية,replacement,,
2:54,Al-Baqara,2,54,1,وإذ قال موسى لقومه يا قوم إنكم ظلمتم أنفسكم باتخاذكم العجل فتوبوا إلى بارئكم فاقتلوا أنفسكم ذلكم خير لكم عند بارئكم فتاب عليكم ۚ إنه هو التواب الرحيم,وإذ قال موسى لقومه يا قوم,218,ياء,هداية,addition & subtraction,,
5:20,Al-Ma'ida,5,20,6,وإذ قال موسى لقومه يا قوم اذكروا نعمة الله عليكم إذ جعل فيكم أنبياء وجعلكم ملوكًا وآتاكم ما لم يؤت أحدًا من العالمين,وإذ قال موسى لقومه يا قوم,218,ياء,هداية,addition & subtraction,,
61:5,As-Saff,61,5,28,وإذ قال موسى لقومه يا قوم لم تؤذونني وقد تعلمون أني رسول الله إليكم ۖ فلما زاغوا أزاغ الله قلوبهم ۚ والله لا يهدي القوم الفاسقين,وإذ قال موسى لقومه يا قوم ,218,ياء,هداية,addition & subtraction,,
2:67,Al-Baqara,2,67,1,وإذ قال موسى لقومه إن الله يأمركم أن تذبحوا بقرةً ۖ قالوا أتتخذنا هزوًا ۖ قال أعوذ بالله أن أكون من الجاهلين,وإذ قال موسى لقومه,218,ياء,هداية,addition & subtraction,,
14:6,Ibrahim,14,6,13,وإذ قال موسى لقومه اذكروا نعمة الله عليكم إذ أنجاكم من آل فرعون يسومونكم سوء العذاب ويذبحون أبناءكم ويستحيون نساءكم ۚ وفي ذلكم بلاء من ربكم عظيم,وإذ قال موسى لقومه,218,ياء,هداية,addition & subtraction,,
6:117,Al-An'am,6,117,8,إن ربك هو أعلم من يضل عن سبيله ۖ وهو أعلم بالمهتدين,أعلم من يضل,219,ياء,هداية,replacement,,yes
16:125,An-Nahl,16,125,14,ادع إلى سبيل ربك بالحكمة والموعظة الحسنة ۖ وجادلهم بالتي هي أحسن ۚ إن ربك هو أعلم بمن ضل عن سبيله ۖ وهو أعلم بالمهتدين,أعلم بمن ضل,219,ياء,هداية,replacement,,
53:30,An-Najm,53,30,27,ذلك مبلغهم من العلم ۚ إن ربك هو أعلم بمن ضل عن سبيله وهو أعلم بمن اهتدى,أعلم بمن ضل,219,ياء,هداية,replacement,,
68:7,Al-Qalam,68,7,29,إن ربك هو أعلم بمن ضل عن سبيله وهو أعلم بالمهتدين,أعلم بمن ضل,219,ياء,هداية,replacement,,
6:100,Al-An'am,6,100,7,وجعلوا لله شركاء الجن وخلقهم ۖ وخرقوا له بنين وبناتٍ بغير علمٍ ۚ سبحانه وتعالى عما يصفون,وتعالى عما يصفون,220,ياء,هداية,replacement,replaced with يشركون in all other places,yes
23:91,Al-Mu'minoon,23,91,18,ما اتخذ الله من ولدٍ وما كان معه من إلهٍ ۚ إذًا لذهب كل إلهٍ بما خلق ولعلا بعضهم على بعضٍ ۚ سبحان الله عما يصفون,سبحان الله عما يصفون,220,ياء,هداية,replacement,,
37:159,As-Saffat,37,159,23,سبحان الله عما يصفون,سبحان الله عما يصفون,220,ياء,هداية,replacement,,
6:130,Al-An'am,6,130,8,يا معشر الجن والإنس ألم يأتكم رسل منكم يقصون عليكم آياتي وينذرونكم لقاء يومكم هذا ۚ قالوا شهدنا على أنفسنا ۖ وغرتهم الحياة الدنيا وشهدوا على أنفسهم أنهم كانوا كافرين,منكم يقصون عليكم آياتي,221,ياء,هداية,replacement,,
7:35,Al-A'raf,7,35,8,يا بني آدم إما يأتينكم رسل منكم يقصون عليكم آياتي ۙ فمن اتقى وأصلح فلا خوف عليهم ولا هم يحزنون,منكم يقصون عليكم آياتي,221,ياء,هداية,replacement,,
39:71,Az-Zumar,39,71,24,وسيق الذين كفروا إلى جهنم زمرًا ۖ حتى إذا جاءوها فتحت أبوابها وقال لهم خزنتها ألم يأتكم رسل منكم يتلون عليكم آيات ربكم وينذرونكم لقاء يومكم هذا ۚ قالوا بلى ولكن حقت كلمة العذاب على الكافرين,منكم يتلون عليكم آيات ربكم,221,ياء,هداية,replacement,,yes
7:94,Al-A'raf,7,94,9,وما أرسلنا في قريةٍ من نبي إلا أخذنا أهلها بالبأساء والضراء لعلهم يضرعون,لعلهم يضرعون,222,ياء,هداية,replacement,,
6:42,Al-An'am,6,42,7,ولقد أرسلنا إلى أممٍ من قبلك فأخذناهم بالبأساء والضراء لعلهم يتضرعون,لعلهم يتضرعون,222,ياء,هداية,replacement,,
6:37,Al-An'am,6,37,7,وقالوا لولا نزل عليه آية من ربه ۚ قل إن الله قادر على أن ينزل آيةً ولكن أكثرهم لا يعلمون,ولكن أكثرهم لا يعلمون,223,ياء,هداية,replacement,replaced with اكثر الناس in all other places,
7:131,Al-A'raf,7,131,9,فإذا جاءتهم الحسنة قالوا لنا هذه ۖ وإن تصبهم سيئة يطيروا بموسى ومن معه ۗ ألا إنما طائرهم عند الله ولكن أكثرهم لا يعلمون,ولكن أكثرهم لا يعلمون,223,ياء,هداية,replacement,replaced with اكثر الناس in all other places,
8:34,Al-Anfal,8,34,9,وما لهم ألا يعذبهم الله وهم يصدون عن المسجد الحرام وما كانوا أولياءه ۚ إن أولياؤه إلا المتقون ولكن أكثرهم لا يعلمون,ولكن أكثرهم لا يعلمون,223,ياء,هداية,replacement,replaced with اكثر الناس in all other places,
10:55,Yunus,10,55,11,ألا إن لله ما في السماوات والأرض ۗ ألا إن وعد الله حق ولكن أكثرهم لا يعلمون,ولكن أكثرهم لا يعلمون,223,ياء,هداية,replacement,replaced with اكثر الناس in all other places,
28:13,Al-Qasas,28,13,20,فرددناه إلى أمه كي تقر عينها ولا تحزن ولتعلم أن وعد الله حق ولكن أكثرهم لا يعلمون,ولكن أكثرهم لا يعلمون,223,ياء,هداية,replacement,replaced with اكثر الناس in all other places,
28:57,Al-Qasas,28,57,20,وقالوا إن نتبع الهدى معك نتخطف من أرضنا ۚ أولم نمكن لهم حرمًا آمنًا يجبى إليه ثمرات كل شيءٍ رزقًا من لدنا ولكن أكثرهم لا يعلمون,ولكن أكثرهم لا يعلمون,223,ياء,هداية,replacement,replaced with اكثر الناس in all other places,
52:47,At-Tur,52,47,27,وإن للذين ظلموا عذابًا دون ذلك ولكن أكثرهم لا يعلمون,ولكن أكثرهم لا يعلمون,223,ياء,هداية,replacement,replaced with اكثر الناس in all other places,
39:49,Az-Zumar,39,49,24,فإذا مس الإنسان ضر دعانا ثم إذا خولناه نعمةً منا قال إنما أوتيته على علمٍ ۚ بل هي فتنة ولكن أكثرهم لا يعلمون,ولكن أكثرهم لا يعلمون,223,ياء,هداية,replacement,replaced with اكثر الناس in all other places,
44:39,Ad-Dukhan,44,39,25,ما خلقناهما إلا بالحق ولكن أكثرهم لا يعلمون,ولكن أكثرهم لا يعلمون,223,ياء,هداية,replacement,replaced with اكثر الناس in all other places,
11:17,Hud,11,17,12,أفمن كان على بينةٍ من ربه ويتلوه شاهد منه ومن قبله كتاب موسى إمامًا ورحمةً ۚ أولئك يؤمنون به ۚ ومن يكفر به من الأحزاب فالنار موعده ۚ فلا تك في مريةٍ منه ۚ إنه الحق من ربك ولكن أكثر الناس لا يؤمنون,ولكن أكثر الناس لا يؤمنون,224,ياء,هداية,replacement,,
13:1,Ar-Ra'd,13,1,13,المر ۚ تلك آيات الكتاب ۗ والذي أنزل إليك من ربك الحق ولكن أكثر الناس لا يؤمنون,ولكن أكثر الناس لا يؤمنون,224,ياء,هداية,replacement,,
40:59,Ghafir,40,59,24,إن الساعة لآتية لا ريب فيها ولكن أكثر الناس لا يؤمنون,ولكن أكثر الناس لا يؤمنون,224,ياء,هداية,replacement,,
2:100,Al-Baqara,2,100,1,أوكلما عاهدوا عهدًا نبذه فريق منهم ۚ بل أكثرهم لا يؤمنون,بل أكثرهم لا يؤمنون,224,ياء,هداية,replacement,,
27:73,An-Naml,27,73,20,وإن ربك لذو فضلٍ على الناس ولكن أكثرهم لا يشكرون,ولكن أكثرهم لا يشكرون,225,ياء,هداية,replacement,,
10:60,Yunus,10,60,11,وما ظن الذين يفترون على الله الكذب يوم القيامة ۗ إن الله لذو فضلٍ على الناس ولكن أكثرهم لا يشكرون,ولكن أكثرهم لا يشكرون,225,ياء,هداية,replacement,,
2:243,Al-Baqara,2,243,2,ألم تر إلى الذين خرجوا من ديارهم وهم ألوف حذر الموت فقال لهم الله موتوا ثم أحياهم ۚ إن الله لذو فضلٍ على الناس ولكن أكثر الناس لا يشكرون,ولكن أكثر الناس لا يشكرون,225,ياء,هداية,replacement,,
12:38,Yusuf,12,38,12,واتبعت ملة آبائي إبراهيم وإسحاق ويعقوب ۚ ما كان لنا أن نشرك بالله من شيءٍ ۚ ذلك من فضل الله علينا وعلى الناس ولكن أكثر الناس لا يشكرون,ولكن أكثر الناس لا يشكرون,225,ياء,هداية,replacement,,
40:61,Ghafir,40,61,24,الله الذي جعل لكم الليل لتسكنوا فيه والنهار مبصرًا ۚ إن الله لذو فضلٍ على الناس ولكن أكثر الناس لا يشكرون,ولكن أكثر الناس لا يشكرون,225,ياء,هداية,replacement,,
15:32,Al-Hijr,15,32,14,قال يا إبليس ما لك ألا تكون مع الساجدين,قال يا إبليس ما لك,226,ياء,هداية,addition & subtraction,,
38:75,Sad,38,75,23,قال يا إبليس ما منعك أن تسجد لما خلقت بيدي ۖ أستكبرت أم كنت من العالين,قال يا إبليس ما منعك,226,ياء,هداية,addition & subtraction,,
7:12,Al-A'raf,7,12,8,قال ما منعك ألا تسجد إذ أمرتك ۖ قال أنا خير منه خلقتني من نارٍ وخلقته من طينٍ,قال ما منعك,226,ياء,هداية,addition & subtraction,,
16:31,An-Nahl,16,31,14,جنات عدنٍ يدخلونها تجري من تحتها الأنهار ۖ لهم فيها ما يشاءون ۚ كذلك يجزي الله المتقين,جنات عدنٍ يدخلونها,227,ياء,هداية,addition & subtraction,without يدخلونها in all other places (24),
13:23,Ar-Ra'd,13,23,13,جنات عدنٍ يدخلونها ومن صلح من آبائهم وأزواجهم وذرياتهم ۖ والملائكة يدخلون عليهم من كل بابٍ,جنات عدنٍ يدخلونها,227,ياء,هداية,addition & subtraction,without يدخلونها in all other places (24),
35:33,Fatir,35,33,22,جنات عدنٍ يدخلونها يحلون فيها من أساور من ذهبٍ ولؤلؤًا ۖ ولباسهم فيها حرير,جنات عدنٍ يدخلونها,227,ياء,هداية,addition & subtraction,without يدخلونها in all other places (24),
24:22,An-Nur,24,22,18,ولا يأتل أولو الفضل منكم والسعة أن يؤتوا أولي القربى والمساكين والمهاجرين في سبيل الله ۖ وليعفوا وليصفحوا ۗ ألا تحبون أن يغفر الله لكم ۗ والله غفور رحيم,والمساكين,228,ياء,هداية,addition & subtraction,with واليتامى before والمساكين in all other places (7),
9:60,At-Tawba,9,60,10,إنما الصدقات للفقراء والمساكين والعاملين عليها والمؤلفة قلوبهم وفي الرقاب والغارمين وفي سبيل الله وابن السبيل ۖ فريضةً من الله ۗ والله عليم حكيم,والمساكين,228,ياء,هداية,addition & subtraction,with واليتامى before والمساكين in all other places (7),
21:31,Al-Anbiya',21,31,17,وجعلنا في الأرض رواسي أن تميد بهم وجعلنا فيها فجاجًا سبلًا لعلهم يهتدون,لعلهم يهتدون,229,ياء,هداية,replacement,,
23:49,Al-Mu'minoon,23,49,18,ولقد آتينا موسى الكتاب لعلهم يهتدون,لعلهم يهتدون,229,ياء,هداية,replacement,,
32:3,As-Sajda,32,3,21,أم يقولون افتراه ۚ بل هو الحق من ربك لتنذر قومًا ما أتاهم من نذيرٍ من قبلك لعلهم يهتدون,لعلهم يهتدون,229,ياء,هداية,replacement,,
14:37,Ibrahim,14,37,13,ربنا إني أسكنت من ذريتي بوادٍ غير ذي زرعٍ عند بيتك المحرم ربنا ليقيموا الصلاة فاجعل أفئدةً من الناس تهوي إليهم وارزقهم من الثمرات لعلهم يشكرون,لعلهم يشكرون,229,ياء,هداية,replacement,,
39:21,Az-Zumar,39,21,23,ألم تر أن الله أنزل من السماء ماءً فسلكه ينابيع في الأرض ثم يخرج به زرعًا مختلفًا ألوانه ثم يهيج فتراه مصفرا ثم يجعله حطامًا ۚ إن في ذلك لذكرى لأولي الألباب,يجعله حطامًا,230,ياء,هداية,replacement,,
57:20,Al-Hadid,57,20,27,اعلموا أنما الحياة الدنيا لعب ولهو وزينة وتفاخر بينكم وتكاثر في الأموال والأولاد ۖ كمثل غيثٍ أعجب الكفار نباته ثم يهيج فتراه مصفرا ثم يكون حطامًا ۖ وفي الآخرة عذاب شديد ومغفرة من الله ورضوان ۚ وما الحياة الدنيا إلا متاع الغرور,يكون حطامًا,230,ياء,هداية,replacement,,
39:52,Az-Zumar,39,52,24,أولم يعلموا أن الله يبسط الرزق لمن يشاء ويقدر ۚ إن في ذلك لآياتٍ لقومٍ يؤمنون,أولم يعلموا أن الله يبسط الرزق,231,ياء,هداية,replacement,,
30:37,Ar-Rum,30,37,21,أولم يروا أن الله يبسط الرزق لمن يشاء ويقدر ۚ إن في ذلك لآياتٍ لقومٍ يؤمنون,أولم يروا أن الله يبسط الرزق,231,ياء,هداية,replacement,,
2:170,Al-Baqara,2,170,2,وإذا قيل لهم اتبعوا ما أنزل الله قالوا بل نتبع ما ألفينا عليه آباءنا ۗ أولو كان آباؤهم لا يعقلون شيئًا ولا يهتدون,بل نتبع ما ألفينا,232,ألف,تتمة,replacement,,
31:21,Luqman,31,21,21,وإذا قيل لهم اتبعوا ما أنزل الله قالوا بل نتبع ما وجدنا عليه آباءنا ۚ أولو كان الشيطان يدعوهم إلى عذاب السعير,بل نتبع ما وجدنا,232,ألف,تتمة,replacement,,
4:136,An-Nisa',4,136,5,يا أيها الذين آمنوا آمنوا بالله ورسوله والكتاب الذي نزل على رسوله والكتاب الذي أنزل من قبل ۚ ومن يكفر بالله وملائكته وكتبه ورسله واليوم الآخر فقد ضل ضلالًا بعيدًا,والكتاب الذي نزل، والكتاب الذي أنزل,233,ألف,تتمة,replacement,,
4:140,An-Nisa',4,140,5,وقد نزل عليكم في الكتاب أن إذا سمعتم آيات الله يكفر بها ويستهزأ بها فلا تقعدوا معهم حتى يخوضوا في حديثٍ غيره ۚ إنكم إذًا مثلهم ۗ إن الله جامع المنافقين والكافرين في جهنم جميعًا,وقد نزل عليكم,233,ألف,تتمة,replacement,,
6:48,Al-An'am,6,48,7,وما نرسل المرسلين إلا مبشرين ومنذرين ۖ فمن آمن وأصلح فلا خوف عليهم ولا هم يحزنون,فمن آمن وأصلح,234,ألف,تتمة,replacement,,
7:35,Al-A'raf,7,35,8,يا بني آدم إما يأتينكم رسل منكم يقصون عليكم آياتي ۙ فمن اتقى وأصلح فلا خوف عليهم ولا هم يحزنون,فمن اتقى وأصلح,234,ألف,تتمة,replacement,,
9:32,At-Tawba,9,32,10,يريدون أن يطفئوا نور الله بأفواههم ويأبى الله إلا أن يتم نوره ولو كره الكافرون,يريدون أن يطفئوا,235,ألف,تتمة,replacement,,
61:8,As-Saff,61,8,28,يريدون ليطفئوا نور الله بأفواههم والله متم نوره ولو كره الكافرون,يريدون ليطفئوا,235,ألف,تتمة,replacement,,
9:86,At-Tawba,9,86,10,وإذا أنزلت سورة أن آمنوا بالله وجاهدوا مع رسوله استأذنك أولو الطول منهم وقالوا ذرنا نكن مع القاعدين,وإذا أنزلت سورة,236,ألف,تتمة,addition & subtraction,,yes
9:124,At-Tawba,9,124,11,وإذا ما أنزلت سورة فمنهم من يقول أيكم زادته هذه إيمانًا ۚ فأما الذين آمنوا فزادتهم إيمانًا وهم يستبشرون,وإذا ما أنزلت سورة,236,ألف,تتمة,addition & subtraction,,
9:127,At-Tawba,9,127,11,وإذا ما أنزلت سورة نظر بعضهم إلى بعضٍ هل يراكم من أحدٍ ثم انصرفوا ۚ صرف الله قلوبهم بأنهم قوم لا يفقهون,وإذا ما أنزلت سورة,236,ألف,تتمة,addition & subtraction,,
10:49,Yunus,10,49,11,قل لا أملك لنفسي ضرا ولا نفعًا إلا ما شاء الله ۗ لكل أمةٍ أجل ۚ إذا جاء أجلهم فلا يستأخرون ساعةً ۖ ولا يستقدمون,إذا جاء أجلهم فلا يستأخرون,237,ألف,تتمة,order change,حرف الفاء,yes
7:34,Al-A'raf,7,34,8,ولكل أمةٍ أجل ۖ فإذا جاء أجلهم لا يستأخرون ساعةً ۖ ولا يستقدمون,فإذا جاء أجلهم لا يستأخرون,237,ألف,تتمة,order change,حرف الفاء,
16:61,An-Nahl,16,61,14,ولو يؤاخذ الله الناس بظلمهم ما ترك عليها من دابةٍ ولكن يؤخرهم إلى أجلٍ مسمى ۖ فإذا جاء أجلهم لا يستأخرون ساعةً ۖ ولا يستقدمون,فإذا جاء أجلهم لا يستأخرون,237,ألف,تتمة,order change,حرف الفاء,
11:22,Hud,11,22,12,لا جرم أنهم في الآخرة هم الأخسرون,لا جرم أنهم في الآخرة هم الأخسرون,238,ألف,تتمة,replacement,,
16:109,An-Nahl,16,109,14,لا جرم أنهم في الآخرة هم الخاسرون,لا جرم أنهم في الآخرة هم الخاسرون,238,ألف,تتمة,replacement,,
15:82,Al-Hijr,15,82,14,وكانوا ينحتون من الجبال بيوتًا آمنين,من الجبال بيوتًا آمنين,239,ألف,تتمة,replacement,,
26:149,Ash-Shu'ara,26,149,19,وتنحتون من الجبال بيوتًا فارهين,من الجبال بيوتًا فارهين,239,ألف,تتمة,replacement,,
2:36,Al-Baqara,2,36,1,فأزلهما الشيطان عنها فأخرجهما مما كانا فيه ۖ وقلنا اهبطوا بعضكم لبعضٍ عدو ۖ ولكم في الأرض مستقر ومتاع إلى حينٍ,وقلنا اهبطوا,240,ألف,تتمة,replacement,,
2:38,Al-Baqara,2,38,1,قلنا اهبطوا منها جميعًا ۖ فإما يأتينكم مني هدًى فمن تبع هداي فلا خوف عليهم ولا هم يحزنون,قلنا اهبطوا,240,ألف,تتمة,replacement,,
7:24,Al-A'raf,7,24,8,قال اهبطوا بعضكم لبعضٍ عدو ۖ ولكم في الأرض مستقر ومتاع إلى حينٍ,قال اهبطوا,240,ألف,تتمة,replacement,,
20:123,Ta-Ha,20,123,16,قال اهبطا منها جميعًا ۖ بعضكم لبعضٍ عدو ۖ فإما يأتينكم مني هدًى فمن اتبع هداي فلا يضل ولا يشقى,قال اهبطا,240,ألف,تتمة,replacement,,
24:34,An-Nur,24,34,18,ولقد أنزلنا إليكم آياتٍ مبيناتٍ ومثلًا من الذين خلوا من قبلكم وموعظةً للمتقين,ولقد أنزلنا إليكم آياتٍ مبيناتٍ,241,ألف,تتمة,addition & subtraction,,
24:46,An-Nur,24,46,18,لقد أنزلنا آياتٍ مبيناتٍ ۚ والله يهدي من يشاء إلى صراطٍ مستقيمٍ,لقد أنزلنا آياتٍ مبيناتٍ,241,ألف,تتمة,addition & subtraction,,
25:7,Al-Furqan,25,7,18,وقالوا مال هذا الرسول يأكل الطعام ويمشي في الأسواق ۙ لولا أنزل إليه ملك فيكون معه نذيرًا,لولا أنزل إليه,242,ألف,تتمة,replacement,,
6:8,Al-An'am,6,8,7,وقالوا لولا أنزل عليه ملك ۖ ولو أنزلنا ملكًا لقضي الأمر ثم لا ينظرون,لولا أنزل عليه,242,ألف,تتمة,replacement,,
26:106,Ash-Shu'ara,26,106,19,إذ قال لهم أخوهم نوح ألا تتقون,إذ قال لهم أخوهم نوح,243,ألف,تتمة,addition & subtraction,,
26:124,Ash-Shu'ara,26,124,19,إذ قال لهم أخوهم هود ألا تتقون,إذ قال لهم أخوهم هود,243,ألف,تتمة,addition & subtraction,,
26:142,Ash-Shu'ara,26,142,19,إذ قال لهم أخوهم صالح ألا تتقون,إذ قال لهم أخوهم صالح,243,ألف,تتمة,addition & subtraction,,
26:161,Ash-Shu'ara,26,161,19,إذ قال لهم أخوهم لوط ألا تتقون,إذ قال لهم أخوهم لوط,243,ألف,تتمة,addition & subtraction,,
26:177,Ash-Shu'ara,26,177,19,إذ قال لهم شعيب ألا تتقون,إذ قال لهم شعيب,243,ألف,تتمة,addition & subtraction,,yes
27:53,An-Naml,27,53,19,وأنجينا الذين آمنوا وكانوا يتقون,وأنجينا الذين آمنوا,244,ألف,تتمة,replacement,,
41:18,Fussilat,41,18,24,ونجينا الذين آمنوا وكانوا يتقون,ونجينا الذين آمنوا,244,ألف,تتمة,replacement,,
28:31,Al-Qasas,28,31,20,وأن ألق عصاك ۖ فلما رآها تهتز كأنها جان ولى مدبرًا ولم يعقب ۚ يا موسى أقبل ولا تخف ۖ إنك من الآمنين,يا موسى أقبل ولا تخف,245,ألف,تتمة,addition & subtraction,,
27:10,An-Naml,27,10,19,وألق عصاك ۚ فلما رآها تهتز كأنها جان ولى مدبرًا ولم يعقب ۚ يا موسى لا تخف إني لا يخاف لدي المرسلون,يا موسى لا تخف,245,ألف,تتمة,addition & subtraction,,
29:33,Al-Ankabut,29,33,20,ولما أن جاءت رسلنا لوطًا سيء بهم وضاق بهم ذرعًا وقالوا لا تخف ولا تحزن ۖ إنا منجوك وأهلك إلا امرأتك كانت من الغابرين,ولما أن جاءت,246,ألف,تتمة,addition & subtraction,without أن in all other places,yes
34:43,Saba',34,43,22,وإذا تتلى عليهم آياتنا بيناتٍ قالوا ما هذا إلا رجل يريد أن يصدكم عما كان يعبد آباؤكم وقالوا ما هذا إلا إفك مفترًى ۚ وقال الذين كفروا للحق لما جاءهم إن هذا إلا سحر مبين,إلا إفك مفترًى,247,ألف,تتمة,replacement,,
28:36,Al-Qasas,28,36,20,فلما جاءهم موسى بآياتنا بيناتٍ قالوا ما هذا إلا سحر مفترًى وما سمعنا بهذا في آبائنا الأولين,إلا سحر مفترًى,247,ألف,تتمة,replacement,,
37:110,As-Saffat,37,110,23,كذلك نجزي المحسنين,كذلك نجزي,248,ألف,تتمة,addition & subtraction,with إنا before كذلك in all other places,yes
3:19,Al Imran,3,19,3,إن الدين عند الله الإسلام ۗ وما اختلف الذين أوتوا الكتاب إلا من بعد ما جاءهم العلم بغيًا بينهم ۗ ومن يكفر بآيات الله فإن الله سريع الحساب,إلا من بعد ما جاءهم العلم بغيًا بينهم,249,ألف,تتمة,replacement,,
42:14,Ash-Shura,42,14,25,وما تفرقوا إلا من بعد ما جاءهم العلم بغيًا بينهم ۚ ولولا كلمة سبقت من ربك إلى أجلٍ مسمى لقضي بينهم ۚ وإن الذين أورثوا الكتاب من بعدهم لفي شك منه مريبٍ,إلا من بعد ما جاءهم العلم بغيًا بينهم,249,ألف,تتمة,replacement,,
45:17,Al-Jathiya,45,17,25,وآتيناهم بيناتٍ من الأمر ۖ فما اختلفوا إلا من بعد ما جاءهم العلم بغيًا بينهم ۚ إن ربك يقضي بينهم يوم القيامة فيما كانوا فيه يختلفون,إلا من بعد ما جاءهم العلم بغيًا بينهم,249,ألف,تتمة,replacement,,
10:93,Yunus,10,93,11,ولقد بوأنا بني إسرائيل مبوأ صدقٍ ورزقناهم من الطيبات فما اختلفوا حتى جاءهم العلم ۚ إن ربك يقضي بينهم يوم القيامة فيما كانوا فيه يختلفون,حتى جاءهم العلم,249,ألف,تتمة,replacement,,
2:126,Al-Baqara,2,126,1,وإذ قال إبراهيم رب اجعل هذا بلدًا آمنًا وارزق أهله من الثمرات من آمن منهم بالله واليوم الآخر ۖ قال ومن كفر فأمتعه قليلًا ثم أضطره إلى عذاب النار ۖ وبئس المصير,بلدًا آمنًا,250,باء,تتمة,replacement,,
14:35,Ibrahim,14,35,13,وإذ قال إبراهيم رب اجعل هذا البلد آمنًا واجنبني وبني أن نعبد الأصنام,البلد آمنًا,250,باء,تتمة,replacement,,
2:234,Al-Baqara,2,234,2,والذين يتوفون منكم ويذرون أزواجًا يتربصن بأنفسهن أربعة أشهرٍ وعشرًا ۖ فإذا بلغن أجلهن فلا جناح عليكم فيما فعلن في أنفسهن بالمعروف ۗ والله بما تعملون خبير,أنفسهن بالمعروف,251,باء,تتمة,replacement,,
2:240,Al-Baqara,2,240,2,والذين يتوفون منكم ويذرون أزواجًا وصيةً لأزواجهم متاعًا إلى الحول غير إخراجٍ ۚ فإن خرجن فلا جناح عليكم في ما فعلن في أنفسهن من معروفٍ ۗ والله عزيز حكيم,أنفسهن من معروفٍ,251,باء,تتمة,replacement,,
4:25,An-Nisa',4,25,5,ومن لم يستطع منكم طولًا أن ينكح المحصنات المؤمنات فمن ما ملكت أيمانكم من فتياتكم المؤمنات ۚ والله أعلم بإيمانكم ۚ بعضكم من بعضٍ ۚ فانكحوهن بإذن أهلهن وآتوهن أجورهن بالمعروف محصناتٍ غير مسافحاتٍ ولا متخذات أخدانٍ ۚ فإذا أحصن فإن أتين بفاحشةٍ فعليهن نصف ما على المحصنات من العذاب ۚ ذلك لمن خشي العنت منكم ۚ وأن تصبروا خير لكم ۗ والله غفور رحيم,أجورهن بالمعروف,252,باء,تتمة,addition & subtraction,without بالمعروف in all other places,yes
6:5,Al-An'am,6,5,7,فقد كذبوا بالحق لما جاءهم ۖ فسوف يأتيهم أنباء ما كانوا به يستهزئون,فقد كذبوا بالحق لما جاءهم فسوف يأتيهم,253,باء,تتمة,multiple differences,,
26:6,Ash-Shu'ara,26,6,19,فقد كذبوا فسيأتيهم أنباء ما كانوا به يستهزئون,فقد كذبوا فسيأتيهم,253,باء,تتمة,multiple differences,,
50:5,Qaf,50,5,26,بل كذبوا بالحق لما جاءهم فهم في أمرٍ مريجٍ,بل كذبوا بالحق لما جاءهم,253,باء,تتمة,multiple differences,,
8:10,Al-Anfal,8,10,9,وما جعله الله إلا بشرى ولتطمئن به قلوبكم ۚ وما النصر إلا من عند الله ۚ إن الله عزيز حكيم,بشرى، به قلوبكم، إن الله عزيز حكيم,254,باء,تتمة,multiple differences,,
3:126,Al Imran,3,126,4,وما جعله الله إلا بشرى لكم ولتطمئن قلوبكم به ۗ وما النصر إلا من عند الله العزيز الحكيم,بشرى لكم، قلوبكم به، العزيز الحكيم,254,باء,تتمة,multiple differences,,
9:54,At-Tawba,9,54,10,وما منعهم أن تقبل منهم نفقاتهم إلا أنهم كفروا بالله وبرسوله ولا يأتون الصلاة إلا وهم كسالى ولا ينفقون إلا وهم كارهون,كفروا بالله وبرسوله,255,باء,تتمة,addition & subtraction,,yes
9:80,At-Tawba,9,80,10,استغفر لهم أو لا تستغفر لهم إن تستغفر لهم سبعين مرةً فلن يغفر الله لهم ۚ ذلك بأنهم كفروا بالله ورسوله ۗ والله لا يهدي القوم الفاسقين,كفروا بالله ورسوله,255,باء,تتمة,addition & subtraction,,
9:84,At-Tawba,9,84,10,ولا تصل على أحدٍ منهم مات أبدًا ولا تقم على قبره ۖ إنهم كفروا بالله ورسوله وماتوا وهم فاسقون,كفروا بالله ورسوله,255,باء,تتمة,addition & subtraction,,
26:35,Ash-Shu'ara,26,35,19,يريد أن يخرجكم من أرضكم بسحره فماذا تأمرون,يخرجكم من أرضكم بسحره,256,باء,تتمة,addition & subtraction,,
7:110,Al-A'raf,7,110,9,يريد أن يخرجكم من أرضكم ۖ فماذا تأمرون,يخرجكم من أرضكم,256,باء,تتمة,addition & subtraction,,
18:26,Al-Kahf,18,26,15,قل الله أعلم بما لبثوا ۖ له غيب السماوات والأرض ۖ أبصر به وأسمع ۚ ما لهم من دونه من ولي ولا يشرك في حكمه أحدًا,أبصر به وأسمع,257,باء,تتمة,multiple differences,,
19:38,Maryam,19,38,16,أسمع بهم وأبصر يوم يأتوننا ۖ لكن الظالمون اليوم في ضلالٍ مبينٍ,أسمع بهم وأبصر,257,باء,تتمة,multiple differences,,
40:25,Ghafir,40,25,24,فلما جاءهم بالحق من عندنا قالوا اقتلوا أبناء الذين آمنوا معه واستحيوا نساءهم ۚ وما كيد الكافرين إلا في ضلالٍ,فلما جاءهم بالحق,258,باء,تتمة,addition & subtraction,,yes
28:48,Al-Qasas,28,48,20,فلما جاءهم الحق من عندنا قالوا لولا أوتي مثل ما أوتي موسى ۚ أولم يكفروا بما أوتي موسى من قبل ۖ قالوا سحران تظاهرا وقالوا إنا بكل كافرون,فلما جاءهم الحق,258,باء,تتمة,addition & subtraction,,
10:76,Yunus,10,76,11,فلما جاءهم الحق من عندنا قالوا إن هذا لسحر مبين,فلما جاءهم الحق,258,باء,تتمة,addition & subtraction,,
35:25,Fatir,35,25,22,وإن يكذبوك فقد كذب الذين من قبلهم جاءتهم رسلهم بالبينات وبالزبر وبالكتاب المنير,بالبينات وبالزبر وبالكتاب,259,باء,تتمة,replacement,,
3:184,Al Imran,3,184,4,فإن كذبوك فقد كذب رسل من قبلك جاءوا بالبينات والزبر والكتاب المنير,بالبينات والزبر والكتاب,259,باء,تتمة,replacement,,
2:121,Al-Baqara,2,121,1,الذين آتيناهم الكتاب يتلونه حق تلاوته أولئك يؤمنون به ۗ ومن يكفر به فأولئك هم الخاسرون,الذين آتيناهم الكتاب يتلونه,260,تاء,تتمة,replacement,,yes
2:146,Al-Baqara,2,146,2,الذين آتيناهم الكتاب يعرفونه كما يعرفون أبناءهم ۖ وإن فريقًا منهم ليكتمون الحق وهم يعلمون,الذين آتيناهم الكتاب يعرفونه,260,تاء,تتمة,replacement,,
6:20,Al-An'am,6,20,7,الذين آتيناهم الكتاب يعرفونه كما يعرفون أبناءهم ۘ الذين خسروا أنفسهم فهم لا يؤمنون,الذين آتيناهم الكتاب يعرفونه,260,تاء,تتمة,replacement,,
16:28,An-Nahl,16,28,14,الذين تتوفاهم الملائكة ظالمي أنفسهم ۖ فألقوا السلم ما كنا نعمل من سوءٍ ۚ بلى إن الله عليم بما كنتم تعملون,الذين تتوفاهم,261,تاء,تتمة,addition & subtraction,,
16:32,An-Nahl,16,32,14,الذين تتوفاهم الملائكة طيبين ۙ يقولون سلام عليكم ادخلوا الجنة بما كنتم تعملون,الذين تتوفاهم,261,تاء,تتمة,addition & subtraction,,
4:97,An-Nisa',4,97,5,إن الذين توفاهم الملائكة ظالمي أنفسهم قالوا فيم كنتم ۖ قالوا كنا مستضعفين في الأرض ۚ قالوا ألم تكن أرض الله واسعةً فتهاجروا فيها ۚ فأولئك مأواهم جهنم ۖ وساءت مصيرًا,الذين توفاهم,261,تاء,تتمة,addition & subtraction,,yes
7:193,Al-A'raf,7,193,9,وإن تدعوهم إلى الهدى لا يتبعوكم ۚ سواء عليكم أدعوتموهم أم أنتم صامتون,وإن تدعوهم إلى الهدى، لا يتبعوكم,262,تاء,تتمة,multiple differences,,
7:198,Al-A'raf,7,198,9,وإن تدعوهم إلى الهدى لا يسمعوا ۖ وتراهم ينظرون إليك وهم لا يبصرون,وإن تدعوهم إلى الهدى، لا يسمعوا,262,تاء,تتمة,multiple differences,,
35:14,Fatir,35,14,22,إن تدعوهم لا يسمعوا دعاءكم ولو سمعوا ما استجابوا لكم ۖ ويوم القيامة يكفرون بشرككم ۚ ولا ينبئك مثل خبيرٍ,إن تدعوهم، لا يسمعوا,262,تاء,تتمة,multiple differences,,
18:57,Al-Kahf,18,57,15,ومن أظلم ممن ذكر بآيات ربه فأعرض عنها ونسي ما قدمت يداه ۚ إنا جعلنا على قلوبهم أكنةً أن يفقهوه وفي آذانهم وقرًا ۖ وإن تدعهم إلى الهدى فلن يهتدوا إذًا أبدًا,وإن تدعهم إلى الهدى، فلن يهتدوا,262,تاء,تتمة,multiple differences,,
12:67,Yusuf,12,67,13,وقال يا بني لا تدخلوا من بابٍ واحدٍ وادخلوا من أبوابٍ متفرقةٍ ۖ وما أغني عنكم من الله من شيءٍ ۖ إن الحكم إلا لله ۖ عليه توكلت ۖ وعليه فليتوكل المتوكلون,فليتوكل المتوكلون,263,تاء,تتمة,replacement,,
14:12,Ibrahim,14,12,13,وما لنا ألا نتوكل على الله وقد هدانا سبلنا ۚ ولنصبرن على ما آذيتمونا ۚ وعلى الله فليتوكل المتوكلون,فليتوكل المتوكلون,263,تاء,تتمة,replacement,,
3:122,Al Imran,3,122,4,إذ همت طائفتان منكم أن تفشلا والله وليهما ۗ وعلى الله فليتوكل المؤمنون,فليتوكل المؤمنون,263,تاء,تتمة,replacement,,
3:160,Al Imran,3,160,4,إن ينصركم الله فلا غالب لكم ۖ وإن يخذلكم فمن ذا الذي ينصركم من بعده ۗ وعلى الله فليتوكل المؤمنون,فليتوكل المؤمنون,263,تاء,تتمة,replacement,,
5:11,Al-Ma'ida,5,11,6,يا أيها الذين آمنوا اذكروا نعمت الله عليكم إذ هم قوم أن يبسطوا إليكم أيديهم فكف أيديهم عنكم ۖ واتقوا الله ۚ وعلى الله فليتوكل المؤمنون,فليتوكل المؤمنون,263,تاء,تتمة,replacement,,
9:51,At-Tawba,9,51,10,قل لن يصيبنا إلا ما كتب الله لنا هو مولانا ۚ وعلى الله فليتوكل المؤمنون,فليتوكل المؤمنون,263,تاء,تتمة,replacement,,
14:11,Ibrahim,14,11,13,قالت لهم رسلهم إن نحن إلا بشر مثلكم ولكن الله يمن على من يشاء من عباده ۖ وما كان لنا أن نأتيكم بسلطانٍ إلا بإذن الله ۚ وعلى الله فليتوكل المؤمنون,فليتوكل المؤمنون,263,تاء,تتمة,replacement,,
58:10,Al-Mujadila,58,10,28,إنما النجوى من الشيطان ليحزن الذين آمنوا وليس بضارهم شيئًا إلا بإذن الله ۚ وعلى الله فليتوكل المؤمنون,فليتوكل المؤمنون,263,تاء,تتمة,replacement,,
64:13,At-Taghabun,64,13,28,الله لا إله إلا هو ۚ وعلى الله فليتوكل المؤمنون,فليتوكل المؤمنون,263,تاء,تتمة,replacement,,
39:41,Az-Zumar,39,41,24,إنا أنزلنا عليك الكتاب للناس بالحق ۖ فمن اهتدى فلنفسه ۖ ومن ضل فإنما يضل عليها ۖ وما أنت عليهم بوكيلٍ,وما أنت عليهم بوكيلٍ,264,تاء,تتمة,replacement,,
6:107,Al-An'am,6,107,7,ولو شاء الله ما أشركوا ۗ وما جعلناك عليهم حفيظًا ۖ وما أنت عليهم بوكيلٍ,وما أنت عليهم بوكيلٍ,264,تاء,تتمة,replacement,,
42:6,Ash-Shura,42,6,25,والذين اتخذوا من دونه أولياء الله حفيظ عليهم وما أنت عليهم بوكيلٍ,وما أنت عليهم بوكيلٍ,264,تاء,تتمة,replacement,,
10:108,Yunus,10,108,11,قل يا أيها الناس قد جاءكم الحق من ربكم ۖ فمن اهتدى فإنما يهتدي لنفسه ۖ ومن ضل فإنما يضل عليها ۖ وما أنا عليكم بوكيلٍ,وما أنا عليكم بوكيلٍ,264,تاء,تتمة,replacement,,
6:66,Al-An'am,6,66,7,وكذب به قومك وهو الحق ۚ قل لست عليكم بوكيلٍ,قل لست عليكم بوكيلٍ,264,تاء,تتمة,replacement,,
39:6,Az-Zumar,39,6,23,خلقكم من نفسٍ واحدةٍ ثم جعل منها زوجها وأنزل لكم من الأنعام ثمانية أزواجٍ ۚ يخلقكم في بطون أمهاتكم خلقًا من بعد خلقٍ في ظلماتٍ ثلاثٍ ۚ ذلكم الله ربكم له الملك ۖ لا إله إلا هو ۖ فأنى تصرفون,ثم جعل منها زوجها,265,ثاء,تتمة,replacement,,
7:189,Al-A'raf,7,189,9,هو الذي خلقكم من نفسٍ واحدةٍ وجعل منها زوجها ليسكن إليها ۖ فلما تغشاها حملت حملًا خفيفًا فمرت به ۖ فلما أثقلت دعوا الله ربهما لئن آتيتنا صالحًا لنكونن من الشاكرين,وجعل منها زوجها,265,ثاء,تتمة,replacement,,
43:3,Az-Zukhruf,43,3,25,إنا جعلناه قرآنًا عربيا لعلكم تعقلون,إنا جعلناه,266,جيم,تتمة,replacement,,
12:2,Yusuf,12,2,12,إنا أنزلناه قرآنًا عربيا لعلكم تعقلون,إنا أنزلناه,266,جيم,تتمة,replacement,,
56:65,Al-Waqi'a,56,65,27,لو نشاء لجعلناه حطامًا فظلتم تفكهون,لجعلناه حطامًا,267,جيم,تتمة,replacement,,
56:70,Al-Waqi'a,56,70,27,لو نشاء جعلناه أجاجًا فلولا تشكرون,جعلناه أجاجًا,267,جيم,تتمة,replacement,,
11:40,Hud,11,40,12,حتى إذا جاء أمرنا وفار التنور قلنا احمل فيها من كل زوجين اثنين وأهلك إلا من سبق عليه القول ومن آمن ۚ وما آمن معه إلا قليل,احمل فيها، سبق عليه القول,268,حاء,تتمة,replacement,,
23:27,Al-Mu'minoon,23,27,18,فأوحينا إليه أن اصنع الفلك بأعيننا ووحينا فإذا جاء أمرنا وفار التنور ۙ فاسلك فيها من كل زوجين اثنين وأهلك إلا من سبق عليه القول منهم ۖ ولا تخاطبني في الذين ظلموا ۖ إنهم مغرقون,فاسلك فيها، سبق عليه القول منهم,268,حاء,تتمة,replacement,,
4:1,An-Nisa',4,1,4,يا أيها الناس اتقوا ربكم الذي خلقكم من نفسٍ واحدةٍ وخلق منها زوجها وبث منهما رجالًا كثيرًا ونساءً ۚ واتقوا الله الذي تساءلون به والأرحام ۚ إن الله كان عليكم رقيبًا,وخلق منها زوجها,269,خاء,تتمة,replacement,,
7:189,Al-A'raf,7,189,9,هو الذي خلقكم من نفسٍ واحدةٍ وجعل منها زوجها ليسكن إليها ۖ فلما تغشاها حملت حملًا خفيفًا فمرت به ۖ فلما أثقلت دعوا الله ربهما لئن آتيتنا صالحًا لنكونن من الشاكرين,وجعل منها زوجها,269,خاء,تتمة,replacement,,
39:6,Az-Zumar,39,6,23,خلقكم من نفسٍ واحدةٍ ثم جعل منها زوجها وأنزل لكم من الأنعام ثمانية أزواجٍ ۚ يخلقكم في بطون أمهاتكم خلقًا من بعد خلقٍ في ظلماتٍ ثلاثٍ ۚ ذلكم الله ربكم له الملك ۖ لا إله إلا هو ۖ فأنى تصرفون,ثم جعل منها زوجها,269,خاء,تتمة,replacement,,
4:149,An-Nisa',4,149,6,إن تبدوا خيرًا أو تخفوه أو تعفوا عن سوءٍ فإن الله كان عفوا قديرًا,إن تبدوا خيرًا,270,خاء,تتمة,replacement,,
33:54,Al-Ahzab,33,54,22,إن تبدوا شيئًا أو تخفوه فإن الله كان بكل شيءٍ عليمًا,إن تبدوا شيئًا,270,خاء,تتمة,replacement,,
5:30,Al-Ma'ida,5,30,6,فطوعت له نفسه قتل أخيه فقتله فأصبح من الخاسرين,فأصبح من الخاسرين,271,خاء,تتمة,replacement,,
5:31,Al-Ma'ida,5,31,6,فبعث الله غرابًا يبحث في الأرض ليريه كيف يواري سوءة أخيه ۚ قال يا ويلتا أعجزت أن أكون مثل هذا الغراب فأواري سوءة أخي ۖ فأصبح من النادمين,فأصبح من النادمين,271,خاء,تتمة,replacement,,
41:16,Fussilat,41,16,24,فأرسلنا عليهم ريحًا صرصرًا في أيامٍ نحساتٍ لنذيقهم عذاب الخزي في الحياة الدنيا ۖ ولعذاب الآخرة أخزى ۖ وهم لا ينصرون,ولعذاب الآخرة أخزى,272,خاء,تتمة,replacement,,
39:26,Az-Zumar,39,26,23,فأذاقهم الله الخزي في الحياة الدنيا ۖ ولعذاب الآخرة أكبر ۚ لو كانوا يعلمون,ولعذاب الآخرة أكبر,272,خاء,تتمة,replacement,,
35:8,Fatir,35,8,22,أفمن زين له سوء عمله فرآه حسنًا ۖ فإن الله يضل من يشاء ويهدي من يشاء ۖ فلا تذهب نفسك عليهم حسراتٍ ۚ إن الله عليم بما يصنعون,عليم بما يصنعون,273,خاء,تتمة,replacement,,
24:30,An-Nur,24,30,18,قل للمؤمنين يغضوا من أبصارهم ويحفظوا فروجهم ۚ ذلك أزكى لهم ۗ إن الله خبير بما يصنعون,خبير بما يصنعون,273,خاء,تتمة,replacement,,
8:4,Al-Anfal,8,4,9,أولئك هم المؤمنون حقا ۚ لهم درجات عند ربهم ومغفرة ورزق كريم,لهم درجات عند ربهم ومغفرة,274,دال,تتمة,addition & subtraction,without درجات عند ربهم in all other places,yes
2:83,Al-Baqara,2,83,1,وإذ أخذنا ميثاق بني إسرائيل لا تعبدون إلا الله وبالوالدين إحسانًا وذي القربى واليتامى والمساكين وقولوا للناس حسنًا وأقيموا الصلاة وآتوا الزكاة ثم توليتم إلا قليلًا منكم وأنتم معرضون,وذي القربى,275,ذال,تتمة,addition & subtraction,,
4:36,An-Nisa',4,36,5,واعبدوا الله ولا تشركوا به شيئًا ۖ وبالوالدين إحسانًا وبذي القربى واليتامى والمساكين والجار ذي القربى والجار الجنب والصاحب بالجنب وابن السبيل وما ملكت أيمانكم ۗ إن الله لا يحب من كان مختالًا فخورًا,وبذي القربى,275,ذال,تتمة,addition & subtraction,,
6:152,Al-An'am,6,152,8,ولا تقربوا مال اليتيم إلا بالتي هي أحسن حتى يبلغ أشده ۖ وأوفوا الكيل والميزان بالقسط ۖ لا نكلف نفسًا إلا وسعها ۖ وإذا قلتم فاعدلوا ولو كان ذا قربى ۖ وبعهد الله أوفوا ۚ ذلكم وصاكم به لعلكم تذكرون,ذلكم وصاكم به لعلكم تذكرون,276,ذال,تتمة,order similarity,,
6:153,Al-An'am,6,153,8,وأن هذا صراطي مستقيمًا فاتبعوه ۖ ولا تتبعوا السبل فتفرق بكم عن سبيله ۚ ذلكم وصاكم به لعلكم تتقون,ذلكم وصاكم به لعلكم تتقون,276,ذال,تتمة,order similarity,,
23:85,Al-Mu'minoon,23,85,18,سيقولون لله ۚ قل أفلا تذكرون,سيقولون لله قل أفلا تذكرون,276,ذال,تتمة,order similarity,,
23:87,Al-Mu'minoon,23,87,18,سيقولون لله ۚ قل أفلا تتقون,سيقولون لله قل أفلا تتقون,276,ذال,تتمة,order similarity,,
3:7,Al Imran,3,7,3,هو الذي أنزل عليك الكتاب منه آيات محكمات هن أم الكتاب وأخر متشابهات ۖ فأما الذين في قلوبهم زيغ فيتبعون ما تشابه منه ابتغاء الفتنة وابتغاء تأويله ۗ وما يعلم تأويله إلا الله ۗ والراسخون في العلم يقولون آمنا به كل من عند ربنا ۗ وما يذكر إلا أولو الألباب,وما يذكر إلا أولو الألباب,277,ذال,تتمة,replacement,,
14:52,Ibrahim,14,52,13,هذا بلاغ للناس ولينذروا به وليعلموا أنما هو إله واحد وليذكر أولو الألباب,وليذكر أولو الألباب,277,ذال,تتمة,replacement,,
38:29,Sad,38,29,23,كتاب أنزلناه إليك مبارك ليدبروا آياته وليتذكر أولو الألباب,وليتذكر أولو الألباب,277,ذال,تتمة,replacement,,
20:44,Ta-Ha,20,44,16,فقولا له قولًا لينًا لعله يتذكر أو يخشى,لعله يتذكر,277,ذال,تتمة,replacement,,
13:19,Ar-Ra'd,13,19,13,أفمن يعلم أنما أنزل إليك من ربك الحق كمن هو أعمى ۚ إنما يتذكر أولو الألباب,إنما يتذكر أولو الألباب,277,ذال,تتمة,replacement,,
40:13,Ghafir,40,13,24,هو الذي يريكم آياته وينزل لكم من السماء رزقًا ۚ وما يتذكر إلا من ينيب,وما يتذكر إلا من ينيب,277,ذال,تتمة,replacement,,
2:35,Al-Baqara,2,35,1,وقلنا يا آدم اسكن أنت وزوجك الجنة وكلا منها رغدًا حيث شئتما ولا تقربا هذه الشجرة فتكونا من الظالمين,رغدًا حيث شئتما,278,راء,تتمة,multiple differences,,
2:58,Al-Baqara,2,58,1,وإذ قلنا ادخلوا هذه القرية فكلوا منها حيث شئتم رغدًا وادخلوا الباب سجدًا وقولوا حطة نغفر لكم خطاياكم ۚ وسنزيد المحسنين,حيث شئتم رغدًا,278,راء,تتمة,multiple differences,,
10:107,Yunus,10,107,11,وإن يمسسك الله بضر فلا كاشف له إلا هو ۖ وإن يردك بخيرٍ فلا راد لفضله ۚ يصيب به من يشاء من عباده ۚ وهو الغفور الرحيم,وإن يردك بخيرٍ,279,راء,تتمة,replacement,,
6:17,Al-An'am,6,17,7,وإن يمسسك الله بضر فلا كاشف له إلا هو ۖ وإن يمسسك بخيرٍ فهو على كل شيءٍ قدير,وإن يمسسك بخيرٍ,279,راء,تتمة,replacement,,
11:28,Hud,11,28,12,قال يا قوم أرأيتم إن كنت على بينةٍ من ربي وآتاني رحمةً من عنده فعميت عليكم أنلزمكموها وأنتم لها كارهون,وآتاني رحمةً من عنده,280,راء,تتمة,multiple differences,,
11:63,Hud,11,63,12,قال يا قوم أرأيتم إن كنت على بينةٍ من ربي وآتاني منه رحمةً فمن ينصرني من الله إن عصيته ۖ فما تزيدونني غير تخسيرٍ,وآتاني منه رحمةً,280,راء,تتمة,multiple differences,,
15:11,Al-Hijr,15,11,14,وما يأتيهم من رسولٍ إلا كانوا به يستهزئون,من رسولٍ,281,راء,تتمة,replacement,,
43:7,Az-Zukhruf,43,7,25,وما يأتيهم من نبي إلا كانوا به يستهزئون,من نبي,281,راء,تتمة,replacement,,
36:30,Ya Seen,36,30,23,يا حسرةً على العباد ۚ ما يأتيهم من رسولٍ إلا كانوا به يستهزئون,من رسولٍ,281,راء,تتمة,replacement,,
45:5,Al-Jathiya,45,5,25,واختلاف الليل والنهار وما أنزل الله من السماء من رزقٍ فأحيا به الأرض بعد موتها وتصريف الرياح آيات لقومٍ يعقلون,من السماء من رزقٍ,282,راء,تتمة,replacement,,
2:164,Al-Baqara,2,164,2,إن في خلق السماوات والأرض واختلاف الليل والنهار والفلك التي تجري في البحر بما ينفع الناس وما أنزل الله من السماء من ماءٍ فأحيا به الأرض بعد موتها وبث فيها من كل دابةٍ وتصريف الرياح والسحاب المسخر بين السماء والأرض لآياتٍ لقومٍ يعقلون,من السماء من ماءٍ,282,راء,تتمة,replacement,,
2:231,Al-Baqara,2,231,2,وإذا طلقتم النساء فبلغن أجلهن فأمسكوهن بمعروفٍ أو سرحوهن بمعروفٍ ۚ ولا تمسكوهن ضرارًا لتعتدوا ۚ ومن يفعل ذلك فقد ظلم نفسه ۚ ولا تتخذوا آيات الله هزوًا ۚ واذكروا نعمت الله عليكم وما أنزل عليكم من الكتاب والحكمة يعظكم به ۚ واتقوا الله واعلموا أن الله بكل شيءٍ عليم,أو سرحوهن بمعروفٍ,283,سين,تتمة,replacement,,
65:2,At-Talaq,65,2,28,فإذا بلغن أجلهن فأمسكوهن بمعروفٍ أو فارقوهن بمعروفٍ وأشهدوا ذوي عدلٍ منكم وأقيموا الشهادة لله ۚ ذلكم يوعظ به من كان يؤمن بالله واليوم الآخر ۚ ومن يتق الله يجعل له مخرجًا,أو فارقوهن بمعروفٍ,283,سين,تتمة,replacement,,
4:137,An-Nisa',4,137,5,إن الذين آمنوا ثم كفروا ثم آمنوا ثم كفروا ثم ازدادوا كفرًا لم يكن الله ليغفر لهم ولا ليهديهم سبيلًا,ولا ليهديهم سبيلًا,284,سين,تتمة,replacement,,
4:168,An-Nisa',4,168,6,إن الذين كفروا وظلموا لم يكن الله ليغفر لهم ولا ليهديهم طريقًا,ولا ليهديهم طريقًا,284,سين,تتمة,replacement,,
6:163,Al-An'am,6,163,8,لا شريك له ۖ وبذلك أمرت وأنا أول المسلمين,وأنا أول المسلمين,285,سين,تتمة,replacement,,
27:91,An-Naml,27,91,20,إنما أمرت أن أعبد رب هذه البلدة الذي حرمها وله كل شيءٍ ۖ وأمرت أن أكون من المسلمين,أن أكون من المسلمين,285,سين,تتمة,replacement,,
10:72,Yunus,10,72,11,فإن توليتم فما سألتكم من أجرٍ ۖ إن أجري إلا على الله ۖ وأمرت أن أكون من المسلمين,أن أكون من المسلمين,285,سين,تتمة,replacement,,
39:12,Az-Zumar,39,12,23,وأمرت لأن أكون أول المسلمين,لأن أكون أول المسلمين,285,سين,تتمة,replacement,,
7:143,Al-A'raf,7,143,9,ولما جاء موسى لميقاتنا وكلمه ربه قال رب أرني أنظر إليك ۚ قال لن تراني ولكن انظر إلى الجبل فإن استقر مكانه فسوف تراني ۚ فلما تجلى ربه للجبل جعله دكا وخر موسى صعقًا ۚ فلما أفاق قال سبحانك تبت إليك وأنا أول المؤمنين,وأنا أول المؤمنين,286,سين,تتمة,replacement,,
10:104,Yunus,10,104,11,قل يا أيها الناس إن كنتم في شك من ديني فلا أعبد الذين تعبدون من دون الله ولكن أعبد الله الذي يتوفاكم ۖ وأمرت أن أكون من المؤمنين,أن أكون من المؤمنين,286,سين,تتمة,replacement,,
19:15,Maryam,19,15,16,وسلام عليه يوم ولد ويوم يموت ويوم يبعث حيا,وسلام عليه,287,سين,تتمة,replacement,,
19:33,Maryam,19,33,16,والسلام علي يوم ولدت ويوم أموت ويوم أبعث حيا,والسلام علي,287,سين,تتمة,replacement,,
20:53,Ta-Ha,20,53,16,الذي جعل لكم الأرض مهدًا وسلك لكم فيها سبلًا وأنزل من السماء ماءً فأخرجنا به أزواجًا من نباتٍ شتى,مهدًا وسلك لكم,288,سين,تتمة,replacement,,
43:10,Az-Zukhruf,43,10,25,الذي جعل لكم الأرض مهدًا وجعل لكم فيها سبلًا لعلكم تهتدون,مهدًا وجعل لكم,288,سين,تتمة,replacement,,
6:99,Al-An'am,6,99,7,وهو الذي أنزل من السماء ماءً فأخرجنا به نبات كل شيءٍ فأخرجنا منه خضرًا نخرج منه حبا متراكبًا ومن النخل من طلعها قنوان دانية وجناتٍ من أعنابٍ والزيتون والرمان مشتبهًا وغير متشابهٍ ۗ انظروا إلى ثمره إذا أثمر وينعه ۚ إن في ذلكم لآياتٍ لقومٍ يؤمنون,مشتبهًا وغير متشابهٍ,289,شين,تتمة,replacement,,
6:141,Al-An'am,6,141,8,وهو الذي أنشأ جناتٍ معروشاتٍ وغير معروشاتٍ والنخل والزرع مختلفًا أكله والزيتون والرمان متشابهًا وغير متشابهٍ ۚ كلوا من ثمره إذا أثمر وآتوا حقه يوم حصاده ۖ ولا تسرفوا ۚ إنه لا يحب المسرفين,متشابهًا وغير متشابهٍ,289,شين,تتمة,replacement,,
15:73,Al-Hijr,15,73,14,فأخذتهم الصيحة مشرقين,الصيحة مشرقين,290,شين,تتمة,replacement,,
15:83,Al-Hijr,15,83,14,فأخذتهم الصيحة مصبحين,الصيحة مصبحين,290,شين,تتمة,replacement,,
39:32,Az-Zumar,39,32,24,فمن أظلم ممن كذب على الله وكذب بالصدق إذ جاءه ۚ أليس في جهنم مثوًى للكافرين,كذب على الله وكذب بالصدق,291,صاد,تتمة,replacement,,
29:68,Al-Ankabut,29,68,21,ومن أظلم ممن افترى على الله كذبًا أو كذب بالحق لما جاءه ۚ أليس في جهنم مثوًى للكافرين,افترى على الله كذبًا أو كذب بالحق,291,صاد,تتمة,replacement,,
16:61,An-Nahl,16,61,14,ولو يؤاخذ الله الناس بظلمهم ما ترك عليها من دابةٍ ولكن يؤخرهم إلى أجلٍ مسمى ۖ فإذا جاء أجلهم لا يستأخرون ساعةً ۖ ولا يستقدمون,الناس بظلمهم ما ترك عليها,292,ظاء,تتمة,replacement,,
35:45,Fatir,35,45,22,ولو يؤاخذ الله الناس بما كسبوا ما ترك على ظهرها من دابةٍ ولكن يؤخرهم إلى أجلٍ مسمى ۖ فإذا جاء أجلهم فإن الله كان بعباده بصيرًا,الناس بما كسبوا ما ترك على ظهرها,292,ظاء,تتمة,replacement,,
19:37,Maryam,19,37,16,فاختلف الأحزاب من بينهم ۖ فويل للذين كفروا من مشهد يومٍ عظيمٍ,فويل للذين كفروا من مشهد يومٍ عظيمٍ,293,ظاء,تتمة,replacement,,
43:65,Az-Zukhruf,43,65,25,فاختلف الأحزاب من بينهم ۖ فويل للذين ظلموا من عذاب يومٍ أليمٍ,فويل للذين ظلموا من عذاب يومٍ أليمٍ,293,ظاء,تتمة,replacement,,
2:18,Al-Baqara,2,18,1,صم بكم عمي فهم لا يرجعون,صم بكم عمي فهم لا يرجعون,294,عين,تتمة,replacement,,
2:171,Al-Baqara,2,171,2,ومثل الذين كفروا كمثل الذي ينعق بما لا يسمع إلا دعاءً ونداءً ۚ صم بكم عمي فهم لا يعقلون,صم بكم عمي فهم لا يعقلون,294,عين,تتمة,replacement,,
9:42,At-Tawba,9,42,10,لو كان عرضًا قريبًا وسفرًا قاصدًا لاتبعوك ولكن بعدت عليهم الشقة ۚ وسيحلفون بالله لو استطعنا لخرجنا معكم يهلكون أنفسهم والله يعلم إنهم لكاذبون,والله يعلم إنهم لكاذبون,295,عين,تتمة,replacement,,
9:107,At-Tawba,9,107,11,والذين اتخذوا مسجدًا ضرارًا وكفرًا وتفريقًا بين المؤمنين وإرصادًا لمن حارب الله ورسوله من قبل ۚ وليحلفن إن أردنا إلا الحسنى ۖ والله يشهد إنهم لكاذبون,والله يشهد إنهم لكاذبون,295,عين,تتمة,replacement,,
63:1,Al-Munafiqun,63,1,28,إذا جاءك المنافقون قالوا نشهد إنك لرسول الله ۗ والله يعلم إنك لرسوله والله يشهد إن المنافقين لكاذبون,والله يشهد إن المنافقين لكاذبون,295,عين,تتمة,replacement,,
11:36,Hud,11,36,12,وأوحي إلى نوحٍ أنه لن يؤمن من قومك إلا من قد آمن فلا تبتئس بما كانوا يفعلون,فلا تبتئس بما كانوا يفعلون,296,عين,تتمة,replacement,,
12:69,Yusuf,12,69,13,ولما دخلوا على يوسف آوى إليه أخاه ۖ قال إني أنا أخوك فلا تبتئس بما كانوا يعملون,فلا تبتئس بما كانوا يعملون,296,عين,تتمة,replacement,,
19:14,Maryam,19,14,16,وبرا بوالديه ولم يكن جبارًا عصيا,وبرا بوالديه ولم يكن جبارًا عصيا,297,عين,تتمة,replacement,,
19:32,Maryam,19,32,16,وبرا بوالدتي ولم يجعلني جبارًا شقيا,وبرا بوالدتي ولم يجعلني جبارًا شقيا,297,عين,تتمة,replacement,,
22:55,Al-Hajj,22,55,17,ولا يزال الذين كفروا في مريةٍ منه حتى تأتيهم الساعة بغتةً أو يأتيهم عذاب يومٍ عقيمٍ,عذاب يومٍ عقيمٍ,298,عين,تتمة,replacement,,yes
26:135,Ash-Shu'ara,26,135,19,إني أخاف عليكم عذاب يومٍ عظيمٍ,عذاب يومٍ عظيمٍ,298,عين,تتمة,replacement,,
26:156,Ash-Shu'ara,26,156,19,ولا تمسوها بسوءٍ فيأخذكم عذاب يومٍ عظيمٍ,عذاب يومٍ عظيمٍ,298,عين,تتمة,replacement,,
26:189,Ash-Shu'ara,26,189,19,فكذبوه فأخذهم عذاب يوم الظلة ۚ إنه كان عذاب يومٍ عظيمٍ,عذاب يومٍ عظيمٍ,298,عين,تتمة,replacement,,
11:3,Hud,11,3,11,وأن استغفروا ربكم ثم توبوا إليه يمتعكم متاعًا حسنًا إلى أجلٍ مسمى ويؤت كل ذي فضلٍ فضله ۖ وإن تولوا فإني أخاف عليكم عذاب يومٍ كبيرٍ,عذاب يومٍ كبيرٍ,298,عين,تتمة,replacement,,
11:84,Hud,11,84,12,وإلى مدين أخاهم شعيبًا ۚ قال يا قوم اعبدوا الله ما لكم من إلهٍ غيره ۖ ولا تنقصوا المكيال والميزان ۚ إني أراكم بخيرٍ وإني أخاف عليكم عذاب يومٍ محيطٍ,عذاب يومٍ محيطٍ,298,عين,تتمة,replacement,,
7:73,Al-A'raf,7,73,8,وإلى ثمود أخاهم صالحًا ۗ قال يا قوم اعبدوا الله ما لكم من إلهٍ غيره ۖ قد جاءتكم بينة من ربكم ۖ هذه ناقة الله لكم آيةً ۖ فذروها تأكل في أرض الله ۖ ولا تمسوها بسوءٍ فيأخذكم عذاب أليم,عذاب أليم,298,عين,تتمة,replacement,,
11:64,Hud,11,64,12,ويا قوم هذه ناقة الله لكم آيةً فذروها تأكل في أرض الله ولا تمسوها بسوءٍ فيأخذكم عذاب قريب,عذاب قريب,298,عين,تتمة,replacement,,
28:78,Al-Qasas,28,78,20,قال إنما أوتيته على علمٍ عندي ۚ أولم يعلم أن الله قد أهلك من قبله من القرون من هو أشد منه قوةً وأكثر جمعًا ۚ ولا يسأل عن ذنوبهم المجرمون,أوتيته على علمٍ عندي,299,عين,تتمة,addition & subtraction,,
39:49,Az-Zumar,39,49,24,فإذا مس الإنسان ضر دعانا ثم إذا خولناه نعمةً منا قال إنما أوتيته على علمٍ ۚ بل هي فتنة ولكن أكثرهم لا يعلمون,أوتيته على علمٍ,299,عين,تتمة,addition & subtraction,,
37:59,As-Saffat,37,59,23,إلا موتتنا الأولى وما نحن بمعذبين,وما نحن بمعذبين,300,عين,تتمة,replacement,,
44:35,Ad-Dukhan,44,35,25,إن هي إلا موتتنا الأولى وما نحن بمنشرين,وما نحن بمنشرين,300,عين,تتمة,replacement,,
5:14,Al-Ma'ida,5,14,6,ومن الذين قالوا إنا نصارى أخذنا ميثاقهم فنسوا حظا مما ذكروا به فأغرينا بينهم العداوة والبغضاء إلى يوم القيامة ۚ وسوف ينبئهم الله بما كانوا يصنعون,فأغرينا بينهم العداوة,301,غين,تتمة,replacement,,
5:64,Al-Ma'ida,5,64,6,وقالت اليهود يد الله مغلولة ۚ غلت أيديهم ولعنوا بما قالوا ۘ بل يداه مبسوطتان ينفق كيف يشاء ۚ وليزيدن كثيرًا منهم ما أنزل إليك من ربك طغيانًا وكفرًا ۚ وألقينا بينهم العداوة والبغضاء إلى يوم القيامة ۚ كلما أوقدوا نارًا للحرب أطفأها الله ۚ ويسعون في الأرض فسادًا ۚ والله لا يحب المفسدين,وألقينا بينهم العداوة,301,غين,تتمة,replacement,,
2:60,Al-Baqara,2,60,1,وإذ استسقى موسى لقومه فقلنا اضرب بعصاك الحجر ۖ فانفجرت منه اثنتا عشرة عينًا ۖ قد علم كل أناسٍ مشربهم ۖ كلوا واشربوا من رزق الله ولا تعثوا في الأرض مفسدين,فانفجرت منه,302,فاء,تتمة,replacement,,
7:160,Al-A'raf,7,160,9,وقطعناهم اثنتي عشرة أسباطًا أممًا ۚ وأوحينا إلى موسى إذ استسقاه قومه أن اضرب بعصاك الحجر ۖ فانبجست منه اثنتا عشرة عينًا ۖ قد علم كل أناسٍ مشربهم ۚ وظللنا عليهم الغمام وأنزلنا عليهم المن والسلوى ۖ كلوا من طيبات ما رزقناكم ۚ وما ظلمونا ولكن كانوا أنفسهم يظلمون,فانبجست منه,302,فاء,تتمة,replacement,,
2:58,Al-Baqara,2,58,1,وإذ قلنا ادخلوا هذه القرية فكلوا منها حيث شئتم رغدًا وادخلوا الباب سجدًا وقولوا حطة نغفر لكم خطاياكم ۚ وسنزيد المحسنين,فكلوا منها حيث شئتم,303,فاء,تتمة,replacement,,
7:19,Al-A'raf,7,19,8,ويا آدم اسكن أنت وزوجك الجنة فكلا من حيث شئتما ولا تقربا هذه الشجرة فتكونا من الظالمين,فكلا من حيث شئتما,303,فاء,تتمة,replacement,,
2:62,Al-Baqara,2,62,1,إن الذين آمنوا والذين هادوا والنصارى والصابئين من آمن بالله واليوم الآخر وعمل صالحًا فلهم أجرهم عند ربهم ولا خوف عليهم ولا هم يحزنون,وعمل صالحًا فلهم أجرهم عند ربهم ولا خوف,304,فاء,تتمة,multiple differences,,
5:69,Al-Ma'ida,5,69,6,إن الذين آمنوا والذين هادوا والصابئون والنصارى من آمن بالله واليوم الآخر وعمل صالحًا فلا خوف عليهم ولا هم يحزنون,وعمل صالحًا فلا خوف,304,فاء,تتمة,multiple differences,,
2:173,Al-Baqara,2,173,2,إنما حرم عليكم الميتة والدم ولحم الخنزير وما أهل به لغير الله ۖ فمن اضطر غير باغٍ ولا عادٍ فلا إثم عليه ۚ إن الله غفور رحيم,فمن اضطر غير باغٍ ولا عادٍ فلا إثم عليه ۚ إن الله غفور رحيم,305,فاء,تتمة,replacement,,
6:145,Al-An'am,6,145,8,قل لا أجد في ما أوحي إلي محرمًا على طاعمٍ يطعمه إلا أن يكون ميتةً أو دمًا مسفوحًا أو لحم خنزيرٍ فإنه رجس أو فسقًا أهل لغير الله به ۚ فمن اضطر غير باغٍ ولا عادٍ فإن ربك غفور رحيم,فمن اضطر غير باغٍ ولا عادٍ فإن ربك غفور رحيم,305,فاء,تتمة,replacement,,
16:115,An-Nahl,16,115,14,إنما حرم عليكم الميتة والدم ولحم الخنزير وما أهل لغير الله به ۖ فمن اضطر غير باغٍ ولا عادٍ فإن الله غفور رحيم,فمن اضطر غير باغٍ ولا عادٍ فإن الله غفور رحيم,305,فاء,تتمة,replacement,,
5:3,Al-Ma'ida,5,3,6,حرمت عليكم الميتة والدم ولحم الخنزير وما أهل لغير الله به والمنخنقة والموقوذة والمتردية والنطيحة وما أكل السبع إلا ما ذكيتم وما ذبح على النصب وأن تستقسموا بالأزلام ۚ ذلكم فسق ۗ اليوم يئس الذين كفروا من دينكم فلا تخشوهم واخشون ۚ اليوم أكملت لكم دينكم وأتممت عليكم نعمتي ورضيت لكم الإسلام دينًا ۚ فمن اضطر في مخمصةٍ غير متجانفٍ لإثمٍ ۙ فإن الله غفور رحيم,فمن اضطر في مخمصةٍ غير متجانفٍ لإثمٍ ۙ فإن الله غفور رحيم,305,فاء,تتمة,replacement,,
9:11,At-Tawba,9,11,10,فإن تابوا وأقاموا الصلاة وآتوا الزكاة فإخوانكم في الدين ۗ ونفصل الآيات لقومٍ يعلمون,فإخوانكم في الدين,306,فاء,تتمة,addition & subtraction,,
33:5,Al-Ahzab,33,5,21,ادعوهم لآبائهم هو أقسط عند الله ۚ فإن لم تعلموا آباءهم فإخوانكم في الدين ومواليكم ۚ وليس عليكم جناح فيما أخطأتم به ولكن ما تعمدت قلوبكم ۚ وكان الله غفورًا رحيمًا,فإخوانكم في الدين,306,فاء,تتمة,addition & subtraction,,
2:220,Al-Baqara,2,220,2,في الدنيا والآخرة ۗ ويسألونك عن اليتامى ۖ قل إصلاح لهم خير ۖ وإن تخالطوهم فإخوانكم ۚ والله يعلم المفسد من المصلح ۚ ولو شاء الله لأعنتكم ۚ إن الله عزيز حكيم,فإخوانكم,306,فاء,تتمة,addition & subtraction,,
5:92,Al-Ma'ida,5,92,7,وأطيعوا الله وأطيعوا الرسول واحذروا ۚ فإن توليتم فاعلموا أنما على رسولنا البلاغ المبين,فإن توليتم فاعلموا أنما,307,فاء,تتمة,replacement,,
64:12,At-Taghabun,64,12,28,وأطيعوا الله وأطيعوا الرسول ۚ فإن توليتم فإنما على رسولنا البلاغ المبين,فإن توليتم فإنما,307,فاء,تتمة,replacement,,
26:32,Ash-Shu'ara,26,32,19,فألقى عصاه فإذا هي ثعبان مبين,فألقى عصاه,308,فاء,تتمة,addition & subtraction,,
26:45,Ash-Shu'ara,26,45,19,فألقى موسى عصاه فإذا هي تلقف ما يأفكون,فألقى موسى عصاه,308,فاء,تتمة,addition & subtraction,,
7:107,Al-A'raf,7,107,9,فألقى عصاه فإذا هي ثعبان مبين,فألقى عصاه,308,فاء,تتمة,addition & subtraction,,
26:46,Ash-Shu'ara,26,46,19,فألقي السحرة ساجدين,فألقي السحرة ساجدين,309,فاء,تتمة,replacement,,
20:70,Ta-Ha,20,70,16,فألقي السحرة سجدًا قالوا آمنا برب هارون وموسى,فألقي السحرة سجدًا,309,فاء,تتمة,replacement,,
7:120,Al-A'raf,7,120,9,وألقي السحرة ساجدين,وألقي السحرة ساجدين,309,فاء,تتمة,replacement,,
18:57,Al-Kahf,18,57,15,ومن أظلم ممن ذكر بآيات ربه فأعرض عنها ونسي ما قدمت يداه ۚ إنا جعلنا على قلوبهم أكنةً أن يفقهوه وفي آذانهم وقرًا ۖ وإن تدعهم إلى الهدى فلن يهتدوا إذًا أبدًا,فأعرض عنها,310,فاء,تتمة,replacement,,
32:22,As-Sajda,32,22,21,ومن أظلم ممن ذكر بآيات ربه ثم أعرض عنها ۚ إنا من المجرمين منتقمون,ثم أعرض عنها,310,فاء,تتمة,replacement,,
26:173,Ash-Shu'ara,26,173,19,وأمطرنا عليهم مطرًا ۖ فساء مطر المنذرين,وأمطرنا عليهم مطرًا ۖ فساء مطر المنذرين,311,فاء,تتمة,identical,,
27:58,An-Naml,27,58,20,وأمطرنا عليهم مطرًا ۖ فساء مطر المنذرين,وأمطرنا عليهم مطرًا ۖ فساء مطر المنذرين,311,فاء,تتمة,identical,,
32:28,As-Sajda,32,28,21,ويقولون متى هذا الفتح إن كنتم صادقين,متى هذا الفتح,312,فاء,تتمة,replacement,,yes
10:48,Yunus,10,48,11,ويقولون متى هذا الوعد إن كنتم صادقين,متى هذا الوعد,312,فاء,تتمة,replacement,,
21:38,Al-Anbiya',21,38,17,ويقولون متى هذا الوعد إن كنتم صادقين,متى هذا الوعد,312,فاء,تتمة,replacement,,
27:71,An-Naml,27,71,20,ويقولون متى هذا الوعد إن كنتم صادقين,متى هذا الوعد,312,فاء,تتمة,replacement,,
34:29,Saba',34,29,22,ويقولون متى هذا الوعد إن كنتم صادقين,متى هذا الوعد,312,فاء,تتمة,replacement,,
36:48,Ya Seen,36,48,23,ويقولون متى هذا الوعد إن كنتم صادقين,متى هذا الوعد,312,فاء,تتمة,replacement,,
67:25,Al-Mulk,67,25,29,ويقولون متى هذا الوعد إن كنتم صادقين,متى هذا الوعد,312,فاء,تتمة,replacement,,
37:174,As-Saffat,37,174,23,فتول عنهم حتى حينٍ,فتول عنهم حتى حينٍ,313,فاء,تتمة,replacement,,
37:178,As-Saffat,37,178,23,وتول عنهم حتى حينٍ,وتول عنهم حتى حينٍ,313,فاء,تتمة,replacement,,
51:59,Adh-Dhariyat,51,59,27,فإن للذين ظلموا ذنوبًا مثل ذنوب أصحابهم فلا يستعجلون,فإن للذين ظلموا ذنوبًا,314,فاء,تتمة,replacement,,
52:47,At-Tur,52,47,27,وإن للذين ظلموا عذابًا دون ذلك ولكن أكثرهم لا يعلمون,وإن للذين ظلموا عذابًا,314,فاء,تتمة,replacement,,
76:24,Al-Insan,76,24,29,فاصبر لحكم ربك ولا تطع منهم آثمًا أو كفورًا,فاصبر لحكم ربك,315,فاء,تتمة,replacement,,
68:48,Al-Qalam,68,48,29,فاصبر لحكم ربك ولا تكن كصاحب الحوت إذ نادى وهو مكظوم,فاصبر لحكم ربك,315,فاء,تتمة,replacement,,
52:48,At-Tur,52,48,27,واصبر لحكم ربك فإنك بأعيننا ۖ وسبح بحمد ربك حين تقوم,واصبر لحكم ربك,315,فاء,تتمة,replacement,,
84:25,Al-Inshiqaq,84,25,30,إلا الذين آمنوا وعملوا الصالحات لهم أجر غير ممنونٍ,لهم أجر غير ممنونٍ,316,فاء,تتمة,addition & subtraction,,
95:6,At-Teen,95,6,30,إلا الذين آمنوا وعملوا الصالحات فلهم أجر غير ممنونٍ,فلهم أجر غير ممنونٍ,316,فاء,تتمة,addition & subtraction,,
4:115,An-Nisa',4,115,5,ومن يشاقق الرسول من بعد ما تبين له الهدى ويتبع غير سبيل المؤمنين نوله ما تولى ونصله جهنم ۖ وساءت مصيرًا,ومن يشاقق الرسول,317,قاف,تتمة,replacement,,
8:13,Al-Anfal,8,13,9,ذلك بأنهم شاقوا الله ورسوله ۚ ومن يشاقق الله ورسوله فإن الله شديد العقاب,ومن يشاقق الله ورسوله,317,قاف,تتمة,replacement,,
59:4,Al-Hashr,59,4,28,ذلك بأنهم شاقوا الله ورسوله ۖ ومن يشاق الله فإن الله شديد العقاب,ومن يشاق الله,317,قاف,تتمة,replacement,,
22:43,Al-Hajj,22,43,17,وقوم إبراهيم وقوم لوطٍ,وقوم إبراهيم وقوم لوطٍ,318,قاف,تتمة,addition & subtraction,,
9:70,At-Tawba,9,70,10,ألم يأتهم نبأ الذين من قبلهم قوم نوحٍ وعادٍ وثمود وقوم إبراهيم وأصحاب مدين والمؤتفكات ۚ أتتهم رسلهم بالبينات ۖ فما كان الله ليظلمهم ولكن كانوا أنفسهم يظلمون,وقوم إبراهيم,318,قاف,تتمة,addition & subtraction,,
30:55,Ar-Rum,30,55,21,ويوم تقوم الساعة يقسم المجرمون ما لبثوا غير ساعةٍ ۚ كذلك كانوا يؤفكون,يقسم المجرمون,319,قاف,تتمة,replacement,,
30:12,Ar-Rum,30,12,21,ويوم تقوم الساعة يبلس المجرمون,يبلس المجرمون,319,قاف,تتمة,replacement,,
30:24,Ar-Rum,30,24,21,ومن آياته يريكم البرق خوفًا وطمعًا وينزل من السماء ماءً فيحيي به الأرض بعد موتها ۚ إن في ذلك لآياتٍ لقومٍ يعقلون,في ذلك لآياتٍ لقومٍ يعقلون,320,قاف,تتمة,replacement,,
30:28,Ar-Rum,30,28,21,ضرب لكم مثلًا من أنفسكم ۖ هل لكم من ما ملكت أيمانكم من شركاء في ما رزقناكم فأنتم فيه سواء تخافونهم كخيفتكم أنفسكم ۚ كذلك نفصل الآيات لقومٍ يعقلون,نفصل الآيات لقومٍ يعقلون,320,قاف,تتمة,replacement,,
29:63,Al-Ankabut,29,63,21,ولئن سألتهم من نزل من السماء ماءً فأحيا به الأرض من بعد موتها ليقولن الله ۚ قل الحمد لله ۚ بل أكثرهم لا يعقلون,بل أكثرهم لا يعقلون,321,قاف,تتمة,replacement,,
10:55,Yunus,10,55,11,ألا إن لله ما في السماوات والأرض ۗ ألا إن وعد الله حق ولكن أكثرهم لا يعلمون,ولكن أكثرهم لا يعلمون,321,قاف,تتمة,replacement,,
31:25,Luqman,31,25,21,ولئن سألتهم من خلق السماوات والأرض ليقولن الله ۚ قل الحمد لله ۚ بل أكثرهم لا يعلمون,بل أكثرهم لا يعلمون,321,قاف,تتمة,replacement,,
5:44,Al-Ma'ida,5,44,6,إنا أنزلنا التوراة فيها هدًى ونور ۚ يحكم بها النبيون الذين أسلموا للذين هادوا والربانيون والأحبار بما استحفظوا من كتاب الله وكانوا عليه شهداء ۚ فلا تخشوا الناس واخشون ولا تشتروا بآياتي ثمنًا قليلًا ۚ ومن لم يحكم بما أنزل الله فأولئك هم الكافرون,ومن لم يحكم بما أنزل الله فأولئك هم الكافرون,322,كاف,تتمة,replacement,,
5:45,Al-Ma'ida,5,45,6,وكتبنا عليهم فيها أن النفس بالنفس والعين بالعين والأنف بالأنف والأذن بالأذن والسن بالسن والجروح قصاص ۚ فمن تصدق به فهو كفارة له ۚ ومن لم يحكم بما أنزل الله فأولئك هم الظالمون,ومن لم يحكم بما أنزل الله فأولئك هم الظالمون,322,كاف,تتمة,replacement,,
5:47,Al-Ma'ida,5,47,6,وليحكم أهل الإنجيل بما أنزل الله فيه ۚ ومن لم يحكم بما أنزل الله فأولئك هم الفاسقون,ومن لم يحكم بما أنزل الله فأولئك هم الفاسقون,322,كاف,تتمة,replacement,,
6:40,Al-An'am,6,40,7,قل أرأيتكم إن أتاكم عذاب الله أو أتتكم الساعة أغير الله تدعون إن كنتم صادقين,قل أرأيتكم إن أتاكم,323,كاف,تتمة,replacement,,
6:47,Al-An'am,6,47,7,قل أرأيتكم إن أتاكم عذاب الله بغتةً أو جهرةً هل يهلك إلا القوم الظالمون,قل أرأيتكم إن أتاكم,323,كاف,تتمة,replacement,,
6:46,Al-An'am,6,46,7,قل أرأيتم إن أخذ الله سمعكم وأبصاركم وختم على قلوبكم من إله غير الله يأتيكم به ۗ انظر كيف نصرف الآيات ثم هم يصدفون,قل أرأيتم إن أخذ الله,323,كاف,تتمة,replacement,,
6:151,Al-An'am,6,151,8,قل تعالوا أتل ما حرم ربكم عليكم ۖ ألا تشركوا به شيئًا ۖ وبالوالدين إحسانًا ۖ ولا تقتلوا أولادكم من إملاقٍ ۖ نحن نرزقكم وإياهم ۖ ولا تقربوا الفواحش ما ظهر منها وما بطن ۖ ولا تقتلوا النفس التي حرم الله إلا بالحق ۚ ذلكم وصاكم به لعلكم تعقلون,نحن نرزقكم وإياهم,324,كاف,تتمة,order change,,
17:31,Al-Isra',17,31,15,ولا تقتلوا أولادكم خشية إملاقٍ ۖ نحن نرزقهم وإياكم ۚ إن قتلهم كان خطئًا كبيرًا,نحن نرزقهم وإياكم,324,كاف,تتمة,order change,,
15:1,Al-Hijr,15,1,14,الر ۚ تلك آيات الكتاب وقرآنٍ مبينٍ,آيات الكتاب وقرآنٍ مبينٍ,325,كاف,تتمة,order change,,
27:1,An-Naml,27,1,19,طس ۚ تلك آيات القرآن وكتابٍ مبينٍ,آيات القرآن وكتابٍ مبينٍ,325,كاف,تتمة,order change,,
23:116,Al-Mu'minoon,23,116,18,فتعالى الله الملك الحق ۖ لا إله إلا هو رب العرش الكريم,رب العرش الكريم,326,كاف,تتمة,replacement,,yes
9:129,At-Tawba,9,129,11,فإن تولوا فقل حسبي الله لا إله إلا هو ۖ عليه توكلت ۖ وهو رب العرش العظيم,وهو رب العرش العظيم,326,كاف,تتمة,replacement,,
23:86,Al-Mu'minoon,23,86,18,قل من رب السماوات السبع ورب العرش العظيم,ورب العرش العظيم,326,كاف,تتمة,replacement,,
27:26,An-Naml,27,26,19,الله لا إله إلا هو رب العرش العظيم ۩,رب العرش العظيم,326,كاف,تتمة,replacement,,
29:47,Al-Ankabut,29,47,21,وكذلك أنزلنا إليك الكتاب ۚ فالذين آتيناهم الكتاب يؤمنون به ۖ ومن هؤلاء من يؤمن به ۚ وما يجحد بآياتنا إلا الكافرون,وما يجحد بآياتنا إلا الكافرون,327,كاف,تتمة,replacement,,
29:49,Al-Ankabut,29,49,21,بل هو آيات بينات في صدور الذين أوتوا العلم ۚ وما يجحد بآياتنا إلا الظالمون,وما يجحد بآياتنا إلا الظالمون,327,كاف,تتمة,replacement,,
46:15,Al-Ahqaf,46,15,26,ووصينا الإنسان بوالديه إحسانًا ۖ حملته أمه كرهًا ووضعته كرهًا ۖ وحمله وفصاله ثلاثون شهرًا ۚ حتى إذا بلغ أشده وبلغ أربعين سنةً قال رب أوزعني أن أشكر نعمتك التي أنعمت علي وعلى والدي وأن أعمل صالحًا ترضاه وأصلح لي في ذريتي ۖ إني تبت إليك وإني من المسلمين,حملته أمه كرهًا,328,كاف,تتمة,replacement,,
31:14,Luqman,31,14,21,ووصينا الإنسان بوالديه حملته أمه وهنًا على وهنٍ وفصاله في عامين أن اشكر لي ولوالديك إلي المصير,حملته أمه وهنًا على وهنٍ,328,كاف,تتمة,replacement,,
41:22,Fussilat,41,22,24,وما كنتم تستترون أن يشهد عليكم سمعكم ولا أبصاركم ولا جلودكم ولكن ظننتم أن الله لا يعلم كثيرًا مما تعملون,مما تعملون,329,كاف,تتمة,addition & subtraction,with كنتم before تعملون in all other places (26),
3:133,Al Imran,3,133,4,وسارعوا إلى مغفرةٍ من ربكم وجنةٍ عرضها السماوات والأرض أعدت للمتقين,وجنةٍ عرضها السماوات والأرض,330,كاف,تتمة,replacement,,
57:21,Al-Hadid,57,21,27,سابقوا إلى مغفرةٍ من ربكم وجنةٍ عرضها كعرض السماء والأرض أعدت للذين آمنوا بالله ورسله ۚ ذلك فضل الله يؤتيه من يشاء ۚ والله ذو الفضل العظيم,وجنةٍ عرضها كعرض السماء والأرض,330,كاف,تتمة,replacement,,
2:112,Al-Baqara,2,112,1,بلى من أسلم وجهه لله وهو محسن فله أجره عند ربه ولا خوف عليهم ولا هم يحزنون,بلى من أسلم وجهه لله وهو محسن,331,لام,تتمة,replacement,,
4:125,An-Nisa',4,125,5,ومن أحسن دينًا ممن أسلم وجهه لله وهو محسن واتبع ملة إبراهيم حنيفًا ۗ واتخذ الله إبراهيم خليلًا,ممن أسلم وجهه لله وهو محسن,331,لام,تتمة,replacement,,
31:22,Luqman,31,22,21,ومن يسلم وجهه إلى الله وهو محسن فقد استمسك بالعروة الوثقى ۗ وإلى الله عاقبة الأمور,ومن يسلم وجهه إلى الله وهو محسن,331,لام,تتمة,replacement,,
5:104,Al-Ma'ida,5,104,7,وإذا قيل لهم تعالوا إلى ما أنزل الله وإلى الرسول قالوا حسبنا ما وجدنا عليه آباءنا ۚ أولو كان آباؤهم لا يعلمون شيئًا ولا يهتدون,لا يعلمون شيئًا ولا يهتدون,332,لام,تتمة,replacement,,
2:170,Al-Baqara,2,170,2,وإذا قيل لهم اتبعوا ما أنزل الله قالوا بل نتبع ما ألفينا عليه آباءنا ۗ أولو كان آباؤهم لا يعقلون شيئًا ولا يهتدون,لا يعقلون شيئًا ولا يهتدون,332,لام,تتمة,replacement,,
7:57,Al-A'raf,7,57,8,وهو الذي يرسل الرياح بشرًا بين يدي رحمته ۖ حتى إذا أقلت سحابًا ثقالًا سقناه لبلدٍ ميتٍ فأنزلنا به الماء فأخرجنا به من كل الثمرات ۚ كذلك نخرج الموتى لعلكم تذكرون,سقناه لبلدٍ ميتٍ,333,لام,تتمة,replacement,,
35:9,Fatir,35,9,22,والله الذي أرسل الرياح فتثير سحابًا فسقناه إلى بلدٍ ميتٍ فأحيينا به الأرض بعد موتها ۚ كذلك النشور,فسقناه إلى بلدٍ ميتٍ,333,لام,تتمة,replacement,,
7:60,Al-A'raf,7,60,8,قال الملأ من قومه إنا لنراك في ضلالٍ مبينٍ,قال الملأ من قومه,334,لام,تتمة,addition & subtraction,,
11:27,Hud,11,27,12,فقال الملأ الذين كفروا من قومه ما نراك إلا بشرًا مثلنا وما نراك اتبعك إلا الذين هم أراذلنا بادي الرأي وما نرى لكم علينا من فضلٍ بل نظنكم كاذبين,فقال الملأ الذين كفروا من قومه,334,لام,تتمة,addition & subtraction,,
23:24,Al-Mu'minoon,23,24,18,فقال الملأ الذين كفروا من قومه ما هذا إلا بشر مثلكم يريد أن يتفضل عليكم ولو شاء الله لأنزل ملائكةً ما سمعنا بهذا في آبائنا الأولين,فقال الملأ الذين كفروا من قومه,334,لام,تتمة,addition & subtraction,,
6:165,Al-An'am,6,165,8,وهو الذي جعلكم خلائف الأرض ورفع بعضكم فوق بعضٍ درجاتٍ ليبلوكم في ما آتاكم ۗ إن ربك سريع العقاب وإنه لغفور رحيم,إن ربك سريع العقاب,335,لام,تتمة,addition & subtraction,,
7:167,Al-A'raf,7,167,9,وإذ تأذن ربك ليبعثن عليهم إلى يوم القيامة من يسومهم سوء العذاب ۗ إن ربك لسريع العقاب ۖ وإنه لغفور رحيم,إن ربك لسريع العقاب,335,لام,تتمة,addition & subtraction,,
14:11,Ibrahim,14,11,13,قالت لهم رسلهم إن نحن إلا بشر مثلكم ولكن الله يمن على من يشاء من عباده ۖ وما كان لنا أن نأتيكم بسلطانٍ إلا بإذن الله ۚ وعلى الله فليتوكل المؤمنون,قالت لهم رسلهم,336,لام,تتمة,addition & subtraction,,
14:10,Ibrahim,14,10,13,قالت رسلهم أفي الله شك فاطر السماوات والأرض ۖ يدعوكم ليغفر لكم من ذنوبكم ويؤخركم إلى أجلٍ مسمى ۚ قالوا إن أنتم إلا بشر مثلنا تريدون أن تصدونا عما كان يعبد آباؤنا فأتونا بسلطانٍ مبينٍ,قالت رسلهم,336,لام,تتمة,addition & subtraction,,
15:35,Al-Hijr,15,35,14,وإن عليك اللعنة إلى يوم الدين,وإن عليك اللعنة,337,لام,تتمة,replacement,,
38:78,Sad,38,78,23,وإن عليك لعنتي إلى يوم الدين,وإن عليك لعنتي,337,لام,تتمة,replacement,,
35:12,Fatir,35,12,22,وما يستوي البحران هذا عذب فرات سائغ شرابه وهذا ملح أجاج ۖ ومن كل تأكلون لحمًا طريا وتستخرجون حليةً تلبسونها ۖ وترى الفلك فيه مواخر لتبتغوا من فضله ولعلكم تشكرون,لتبتغوا من فضله,338,لام,تتمة,addition & subtraction,,
16:14,An-Nahl,16,14,14,وهو الذي سخر البحر لتأكلوا منه لحمًا طريا وتستخرجوا منه حليةً تلبسونها وترى الفلك مواخر فيه ولتبتغوا من فضله ولعلكم تشكرون,ولتبتغوا من فضله,338,لام,تتمة,addition & subtraction,,
45:12,Al-Jathiya,45,12,25,الله الذي سخر لكم البحر لتجري الفلك فيه بأمره ولتبتغوا من فضله ولعلكم تشكرون,ولتبتغوا من فضله,338,لام,تتمة,addition & subtraction,,
26:52,Ash-Shu'ara,26,52,19,وأوحينا إلى موسى أن أسر بعبادي إنكم متبعون,أن أسر بعبادي,339,لام,تتمة,multiple differences,,
44:23,Ad-Dukhan,44,23,25,فأسر بعبادي ليلًا إنكم متبعون,فأسر بعبادي ليلًا,339,لام,تتمة,multiple differences,,
26:50,Ash-Shu'ara,26,50,19,قالوا لا ضير ۖ إنا إلى ربنا منقلبون,قالوا لا ضير إنا إلى ربنا,340,لام,تتمة,addition & subtraction,,
7:125,Al-A'raf,7,125,9,قالوا إنا إلى ربنا منقلبون,قالوا إنا إلى ربنا,340,لام,تتمة,addition & subtraction,,
4:25,An-Nisa',4,25,5,ومن لم يستطع منكم طولًا أن ينكح المحصنات المؤمنات فمن ما ملكت أيمانكم من فتياتكم المؤمنات ۚ والله أعلم بإيمانكم ۚ بعضكم من بعضٍ ۚ فانكحوهن بإذن أهلهن وآتوهن أجورهن بالمعروف محصناتٍ غير مسافحاتٍ ولا متخذات أخدانٍ ۚ فإذا أحصن فإن أتين بفاحشةٍ فعليهن نصف ما على المحصنات من العذاب ۚ ذلك لمن خشي العنت منكم ۚ وأن تصبروا خير لكم ۗ والله غفور رحيم,محصناتٍ غير مسافحاتٍ ولا متخذات أخدانٍ,341,ميم,تتمة,replacement,,
5:5,Al-Ma'ida,5,5,6,اليوم أحل لكم الطيبات ۖ وطعام الذين أوتوا الكتاب حل لكم وطعامكم حل لهم ۖ والمحصنات من المؤمنات والمحصنات من الذين أوتوا الكتاب من قبلكم إذا آتيتموهن أجورهن محصنين غير مسافحين ولا متخذي أخدانٍ ۗ ومن يكفر بالإيمان فقد حبط عمله وهو في الآخرة من الخاسرين,محصنين غير مسافحين ولا متخذي أخدانٍ,341,ميم,تتمة,replacement,,
5:110,Al-Ma'ida,5,110,7,إذ قال الله يا عيسى ابن مريم اذكر نعمتي عليك وعلى والدتك إذ أيدتك بروح القدس تكلم الناس في المهد وكهلًا ۖ وإذ علمتك الكتاب والحكمة والتوراة والإنجيل ۖ وإذ تخلق من الطين كهيئة الطير بإذني فتنفخ فيها فتكون طيرًا بإذني ۖ وتبرئ الأكمه والأبرص بإذني ۖ وإذ تخرج الموتى بإذني ۖ وإذ كففت بني إسرائيل عنك إذ جئتهم بالبينات فقال الذين كفروا منهم إن هذا إلا سحر مبين,فقال الذين كفروا منهم إن هذا إلا سحر مبين,342,ميم,تتمة,multiple differences,,
6:7,Al-An'am,6,7,7,ولو نزلنا عليك كتابًا في قرطاسٍ فلمسوه بأيديهم لقال الذين كفروا إن هذا إلا سحر مبين,لقال الذين كفروا إن هذا إلا سحر مبين,342,ميم,تتمة,multiple differences,,
9:50,At-Tawba,9,50,10,إن تصبك حسنة تسؤهم ۖ وإن تصبك مصيبة يقولوا قد أخذنا أمرنا من قبل ويتولوا وهم فرحون,إن تصبك حسنة تسؤهم، وإن تصبك مصيبة,343,ميم,تتمة,replacement,,
3:120,Al Imran,3,120,4,إن تمسسكم حسنة تسؤهم وإن تصبكم سيئة يفرحوا بها ۖ وإن تصبروا وتتقوا لا يضركم كيدهم شيئًا ۗ إن الله بما يعملون محيط,إن تمسسكم حسنة تسؤهم، وإن تصبكم سيئة,343,ميم,تتمة,replacement,,
4:78,An-Nisa',4,78,5,أينما تكونوا يدرككم الموت ولو كنتم في بروجٍ مشيدةٍ ۗ وإن تصبهم حسنة يقولوا هذه من عند الله ۖ وإن تصبهم سيئة يقولوا هذه من عندك ۚ قل كل من عند الله ۖ فمال هؤلاء القوم لا يكادون يفقهون حديثًا,وإن تصبهم حسنة، وإن تصبهم سيئة,343,ميم,تتمة,replacement,,
9:70,At-Tawba,9,70,10,ألم يأتهم نبأ الذين من قبلهم قوم نوحٍ وعادٍ وثمود وقوم إبراهيم وأصحاب مدين والمؤتفكات ۚ أتتهم رسلهم بالبينات ۖ فما كان الله ليظلمهم ولكن كانوا أنفسهم يظلمون,ألم يأتهم نبأ، من قبلهم، وثمود وقوم إبراهيم وأصحاب مدين والمؤتفكات,344,ميم,تتمة,replacement,,
14:9,Ibrahim,14,9,13,ألم يأتكم نبأ الذين من قبلكم قوم نوحٍ وعادٍ وثمود ۛ والذين من بعدهم ۛ لا يعلمهم إلا الله ۚ جاءتهم رسلهم بالبينات فردوا أيديهم في أفواههم وقالوا إنا كفرنا بما أرسلتم به وإنا لفي شك مما تدعوننا إليه مريبٍ,ألم يأتكم نبأ، من قبلكم، وثمود,344,ميم,تتمة,replacement,,
64:5,At-Taghabun,64,5,28,ألم يأتكم نبأ الذين كفروا من قبل فذاقوا وبال أمرهم ولهم عذاب أليم,ألم يأتكم نبأ,344,ميم,تتمة,replacement,,
10:12,Yunus,10,12,11,وإذا مس الإنسان الضر دعانا لجنبه أو قاعدًا أو قائمًا فلما كشفنا عنه ضره مر كأن لم يدعنا إلى ضر مسه ۚ كذلك زين للمسرفين ما كانوا يعملون,كذلك زين للمسرفين,345,ميم,تتمة,replacement,,
6:122,Al-An'am,6,122,8,أومن كان ميتًا فأحييناه وجعلنا له نورًا يمشي به في الناس كمن مثله في الظلمات ليس بخارجٍ منها ۚ كذلك زين للكافرين ما كانوا يعملون,كذلك زين للكافرين,345,ميم,تتمة,replacement,,
11:82,Hud,11,82,12,فلما جاء أمرنا جعلنا عاليها سافلها وأمطرنا عليها حجارةً من سجيلٍ منضودٍ,وأمطرنا عليها حجارةً,346,ميم,تتمة,replacement,,
15:74,Al-Hijr,15,74,14,فجعلنا عاليها سافلها وأمطرنا عليهم حجارةً من سجيلٍ,وأمطرنا عليهم حجارةً,346,ميم,تتمة,replacement,,
26:173,Ash-Shu'ara,26,173,19,وأمطرنا عليهم مطرًا ۖ فساء مطر المنذرين,وأمطرنا عليهم مطرًا,346,ميم,تتمة,replacement,,
27:58,An-Naml,27,58,20,وأمطرنا عليهم مطرًا ۖ فساء مطر المنذرين,وأمطرنا عليهم مطرًا,346,ميم,تتمة,replacement,,
7:84,Al-A'raf,7,84,8,وأمطرنا عليهم مطرًا ۖ فانظر كيف كان عاقبة المجرمين,وأمطرنا عليهم مطرًا,346,ميم,تتمة,replacement,,
16:14,An-Nahl,16,14,14,وهو الذي سخر البحر لتأكلوا منه لحمًا طريا وتستخرجوا منه حليةً تلبسونها وترى الفلك مواخر فيه ولتبتغوا من فضله ولعلكم تشكرون,وتستخرجوا منه حليةً,347,ميم,تتمة,multiple differences,,
35:12,Fatir,35,12,22,وما يستوي البحران هذا عذب فرات سائغ شرابه وهذا ملح أجاج ۖ ومن كل تأكلون لحمًا طريا وتستخرجون حليةً تلبسونها ۖ وترى الفلك فيه مواخر لتبتغوا من فضله ولعلكم تشكرون,وتستخرجون حليةً,347,ميم,تتمة,multiple differences,,
18:93,Al-Kahf,18,93,16,حتى إذا بلغ بين السدين وجد من دونهما قومًا لا يكادون يفقهون قولًا,وجد من دونهما,348,ميم,تتمة,replacement,,
18:90,Al-Kahf,18,90,16,حتى إذا بلغ مطلع الشمس وجدها تطلع على قومٍ لم نجعل لهم من دونها سترًا,وجدها تطلع,348,ميم,تتمة,replacement,,
18:86,Al-Kahf,18,86,16,حتى إذا بلغ مغرب الشمس وجدها تغرب في عينٍ حمئةٍ ووجد عندها قومًا ۗ قلنا يا ذا القرنين إما أن تعذب وإما أن تتخذ فيهم حسنًا,وجدها تغرب,348,ميم,تتمة,replacement,,
22:5,Al-Hajj,22,5,17,يا أيها الناس إن كنتم في ريبٍ من البعث فإنا خلقناكم من ترابٍ ثم من نطفةٍ ثم من علقةٍ ثم من مضغةٍ مخلقةٍ وغير مخلقةٍ لنبين لكم ۚ ونقر في الأرحام ما نشاء إلى أجلٍ مسمى ثم نخرجكم طفلًا ثم لتبلغوا أشدكم ۖ ومنكم من يتوفى ومنكم من يرد إلى أرذل العمر لكيلا يعلم من بعد علمٍ شيئًا ۚ وترى الأرض هامدةً فإذا أنزلنا عليها الماء اهتزت وربت وأنبتت من كل زوجٍ بهيجٍ,ومنكم من يتوفى,349,ميم,تتمة,addition & subtraction,,
40:67,Ghafir,40,67,24,هو الذي خلقكم من ترابٍ ثم من نطفةٍ ثم من علقةٍ ثم يخرجكم طفلًا ثم لتبلغوا أشدكم ثم لتكونوا شيوخًا ۚ ومنكم من يتوفى من قبل ۖ ولتبلغوا أجلًا مسمى ولعلكم تعقلون,ومنكم من يتوفى من قبل,349,ميم,تتمة,addition & subtraction,,
31:18,Luqman,31,18,21,ولا تصعر خدك للناس ولا تمش في الأرض مرحًا ۖ إن الله لا يحب كل مختالٍ فخورٍ,مختالٍ فخورٍ,350,ميم,تتمة,replacement,,
31:32,Luqman,31,32,21,وإذا غشيهم موج كالظلل دعوا الله مخلصين له الدين فلما نجاهم إلى البر فمنهم مقتصد ۚ وما يجحد بآياتنا إلا كل ختارٍ كفورٍ,ختارٍ كفورٍ,350,ميم,تتمة,replacement,,yes
4:36,An-Nisa',4,36,5,واعبدوا الله ولا تشركوا به شيئًا ۖ وبالوالدين إحسانًا وبذي القربى واليتامى والمساكين والجار ذي القربى والجار الجنب والصاحب بالجنب وابن السبيل وما ملكت أيمانكم ۗ إن الله لا يحب من كان مختالًا فخورًا,مختالًا فخورًا,350,ميم,تتمة,replacement,,
57:23,Al-Hadid,57,23,27,لكيلا تأسوا على ما فاتكم ولا تفرحوا بما آتاكم ۗ والله لا يحب كل مختالٍ فخورٍ,مختالٍ فخورٍ,350,ميم,تتمة,replacement,,
22:38,Al-Hajj,22,38,17,إن الله يدافع عن الذين آمنوا ۗ إن الله لا يحب كل خوانٍ كفورٍ,خوانٍ كفورٍ,350,ميم,تتمة,replacement,,
45:24,Al-Jathiya,45,24,25,وقالوا ما هي إلا حياتنا الدنيا نموت ونحيا وما يهلكنا إلا الدهر ۚ وما لهم بذلك من علمٍ ۖ إن هم إلا يظنون,ما هي إلا حياتنا الدنيا، نموت ونحيا وما يهلكنا,351,ميم,تتمة,multiple differences,,
23:37,Al-Mu'minoon,23,37,18,إن هي إلا حياتنا الدنيا نموت ونحيا وما نحن بمبعوثين,إن هي إلا حياتنا الدنيا، نموت ونحيا وما نحن بمبعوثين,351,ميم,تتمة,multiple differences,,
6:29,Al-An'am,6,29,7,وقالوا إن هي إلا حياتنا الدنيا وما نحن بمبعوثين,إن هي إلا حياتنا الدنيا، وما نحن بمبعوثين,351,ميم,تتمة,multiple differences,,
65:2,At-Talaq,65,2,28,فإذا بلغن أجلهن فأمسكوهن بمعروفٍ أو فارقوهن بمعروفٍ وأشهدوا ذوي عدلٍ منكم وأقيموا الشهادة لله ۚ ذلكم يوعظ به من كان يؤمن بالله واليوم الآخر ۚ ومن يتق الله يجعل له مخرجًا,ذلكم يوعظ به,352,ميم,تتمة,addition & subtraction,,
2:232,Al-Baqara,2,232,2,وإذا طلقتم النساء فبلغن أجلهن فلا تعضلوهن أن ينكحن أزواجهن إذا تراضوا بينهم بالمعروف ۗ ذلك يوعظ به من كان منكم يؤمن بالله واليوم الآخر ۗ ذلكم أزكى لكم وأطهر ۗ والله يعلم وأنتم لا تعلمون,ذلك يوعظ به,352,ميم,تتمة,addition & subtraction,,
2:95,Al-Baqara,2,95,1,ولن يتمنوه أبدًا بما قدمت أيديهم ۗ والله عليم بالظالمين,ولن يتمنوه أبدًا,353,نون,تتمة,replacement,,
62:7,Al-Jumu'a,62,7,28,ولا يتمنونه أبدًا بما قدمت أيديهم ۚ والله عليم بالظالمين,ولا يتمنونه أبدًا,353,نون,تتمة,replacement,,
3:52,Al Imran,3,52,3,فلما أحس عيسى منهم الكفر قال من أنصاري إلى الله ۖ قال الحواريون نحن أنصار الله آمنا بالله واشهد بأنا مسلمون,واشهد بأنا مسلمون,354,نون,تتمة,addition & subtraction,,
5:111,Al-Ma'ida,5,111,7,وإذ أوحيت إلى الحواريين أن آمنوا بي وبرسولي قالوا آمنا واشهد بأننا مسلمون,واشهد بأننا مسلمون,354,نون,تتمة,addition & subtraction,,
6:152,Al-An'am,6,152,8,ولا تقربوا مال اليتيم إلا بالتي هي أحسن حتى يبلغ أشده ۖ وأوفوا الكيل والميزان بالقسط ۖ لا نكلف نفسًا إلا وسعها ۖ وإذا قلتم فاعدلوا ولو كان ذا قربى ۖ وبعهد الله أوفوا ۚ ذلكم وصاكم به لعلكم تذكرون,لا نكلف نفسًا إلا وسعها,355,نون,تتمة,replacement,,
2:233,Al-Baqara,2,233,2,والوالدات يرضعن أولادهن حولين كاملين ۖ لمن أراد أن يتم الرضاعة ۚ وعلى المولود له رزقهن وكسوتهن بالمعروف ۚ لا تكلف نفس إلا وسعها ۚ لا تضار والدة بولدها ولا مولود له بولده ۚ وعلى الوارث مثل ذلك ۗ فإن أرادا فصالًا عن تراضٍ منهما وتشاورٍ فلا جناح عليهما ۗ وإن أردتم أن تسترضعوا أولادكم فلا جناح عليكم إذا سلمتم ما آتيتم بالمعروف ۗ واتقوا الله واعلموا أن الله بما تعملون بصير,لا تكلف نفس إلا وسعها,355,نون,تتمة,replacement,,
7:42,Al-A'raf,7,42,8,والذين آمنوا وعملوا الصالحات لا نكلف نفسًا إلا وسعها أولئك أصحاب الجنة ۖ هم فيها خالدون,لا نكلف نفسًا إلا وسعها,355,نون,تتمة,replacement,,
23:62,Al-Mu'minoon,23,62,18,ولا نكلف نفسًا إلا وسعها ۖ ولدينا كتاب ينطق بالحق ۚ وهم لا يظلمون,ولا نكلف نفسًا إلا وسعها,355,نون,تتمة,replacement,,
9:39,At-Tawba,9,39,10,إلا تنفروا يعذبكم عذابًا أليمًا ويستبدل قومًا غيركم ولا تضروه شيئًا ۗ والله على كل شيءٍ قدير,ولا تضروه شيئًا,356,نون,تتمة,replacement,,
11:57,Hud,11,57,12,فإن تولوا فقد أبلغتكم ما أرسلت به إليكم ۚ ويستخلف ربي قومًا غيركم ولا تضرونه شيئًا ۚ إن ربي على كل شيءٍ حفيظ,ولا تضرونه شيئًا,356,نون,تتمة,replacement,,
6:22,Al-An'am,6,22,7,ويوم نحشرهم جميعًا ثم نقول للذين أشركوا أين شركاؤكم الذين كنتم تزعمون,ويوم نحشرهم جميعًا,357,نون,تتمة,multiple differences,,
10:45,Yunus,10,45,11,ويوم يحشرهم كأن لم يلبثوا إلا ساعةً من النهار يتعارفون بينهم ۚ قد خسر الذين كذبوا بلقاء الله وما كانوا مهتدين,ويوم يحشرهم,357,نون,تتمة,multiple differences,,
18:86,Al-Kahf,18,86,16,حتى إذا بلغ مغرب الشمس وجدها تغرب في عينٍ حمئةٍ ووجد عندها قومًا ۗ قلنا يا ذا القرنين إما أن تعذب وإما أن تتخذ فيهم حسنًا,قلنا يا ذا القرنين,358,نون,تتمة,replacement,,
18:94,Al-Kahf,18,94,16,قالوا يا ذا القرنين إن يأجوج ومأجوج مفسدون في الأرض فهل نجعل لك خرجًا على أن تجعل بيننا وبينهم سدا,قالوا يا ذا القرنين,358,نون,تتمة,replacement,,
18:103,Al-Kahf,18,103,16,قل هل ننبئكم بالأخسرين أعمالًا,قل هل ننبئكم,359,نون,تتمة,replacement,,
5:60,Al-Ma'ida,5,60,6,قل هل أنبئكم بشر من ذلك مثوبةً عند الله ۚ من لعنه الله وغضب عليه وجعل منهم القردة والخنازير وعبد الطاغوت ۚ أولئك شر مكانًا وأضل عن سواء السبيل,قل هل أنبئكم,359,نون,تتمة,replacement,,
3:15,Al Imran,3,15,3,قل أؤنبئكم بخيرٍ من ذلكم ۚ للذين اتقوا عند ربهم جنات تجري من تحتها الأنهار خالدين فيها وأزواج مطهرة ورضوان من الله ۗ والله بصير بالعباد,قل أؤنبئكم,359,نون,تتمة,replacement,,
32:23,As-Sajda,32,23,21,ولقد آتينا موسى الكتاب فلا تكن في مريةٍ من لقائه ۖ وجعلناه هدًى لبني إسرائيل,فلا تكن في مريةٍ,360,نون,تتمة,addition & subtraction,,
11:17,Hud,11,17,12,أفمن كان على بينةٍ من ربه ويتلوه شاهد منه ومن قبله كتاب موسى إمامًا ورحمةً ۚ أولئك يؤمنون به ۚ ومن يكفر به من الأحزاب فالنار موعده ۚ فلا تك في مريةٍ منه ۚ إنه الحق من ربك ولكن أكثر الناس لا يؤمنون,فلا تك في مريةٍ,360,نون,تتمة,addition & subtraction,,
11:109,Hud,11,109,12,فلا تك في مريةٍ مما يعبد هؤلاء ۚ ما يعبدون إلا كما يعبد آباؤهم من قبل ۚ وإنا لموفوهم نصيبهم غير منقوصٍ,فلا تك في مريةٍ,360,نون,تتمة,addition & subtraction,,
3:136,Al Imran,3,136,4,أولئك جزاؤهم مغفرة من ربهم وجنات تجري من تحتها الأنهار خالدين فيها ۚ ونعم أجر العاملين,ونعم أجر العاملين,361,واو,تتمة,addition & subtraction,,
29:58,Al-Ankabut,29,58,21,والذين آمنوا وعملوا الصالحات لنبوئنهم من الجنة غرفًا تجري من تحتها الأنهار خالدين فيها ۚ نعم أجر العاملين,نعم أجر العاملين,361,واو,تتمة,addition & subtraction,,
2:278,Al-Baqara,2,278,3,يا أيها الذين آمنوا اتقوا الله وذروا ما بقي من الربا إن كنتم مؤمنين,وذروا ما بقي,362,واو,تتمة,replacement,,
6:120,Al-An'am,6,120,8,وذروا ظاهر الإثم وباطنه ۚ إن الذين يكسبون الإثم سيجزون بما كانوا يقترفون,وذروا ظاهر,362,واو,تتمة,replacement,,
7:180,Al-A'raf,7,180,9,ولله الأسماء الحسنى فادعوه بها ۖ وذروا الذين يلحدون في أسمائه ۚ سيجزون ما كانوا يعملون,وذروا الذين,362,واو,تتمة,replacement,,
62:9,Al-Jumu'a,62,9,28,يا أيها الذين آمنوا إذا نودي للصلاة من يوم الجمعة فاسعوا إلى ذكر الله وذروا البيع ۚ ذلكم خير لكم إن كنتم تعلمون,وذروا البيع,362,واو,تتمة,replacement,,
6:70,Al-An'am,6,70,7,وذر الذين اتخذوا دينهم لعبًا ولهوًا وغرتهم الحياة الدنيا ۚ وذكر به أن تبسل نفس بما كسبت ليس لها من دون الله ولي ولا شفيع وإن تعدل كل عدلٍ لا يؤخذ منها ۗ أولئك الذين أبسلوا بما كسبوا ۖ لهم شراب من حميمٍ وعذاب أليم بما كانوا يكفرون,وذر الذين,362,واو,تتمة,replacement,,yes
10:73,Yunus,10,73,11,فكذبوه فنجيناه ومن معه في الفلك وجعلناهم خلائف وأغرقنا الذين كذبوا بآياتنا ۖ فانظر كيف كان عاقبة المنذرين,في الفلك وجعلناهم خلائف,363,واو,تتمة,addition & subtraction,without وجعلناهم خلائف after الفلك in all other places,yes
10:42,Yunus,10,42,11,ومنهم من يستمعون إليك ۚ أفأنت تسمع الصم ولو كانوا لا يعقلون,ومنهم من يستمعون إليك,364,واو,تتمة,replacement,,yes
6:25,Al-An'am,6,25,7,ومنهم من يستمع إليك ۖ وجعلنا على قلوبهم أكنةً أن يفقهوه وفي آذانهم وقرًا ۚ وإن يروا كل آيةٍ لا يؤمنوا بها ۚ حتى إذا جاءوك يجادلونك يقول الذين كفروا إن هذا إلا أساطير الأولين,ومنهم من يستمع إليك,364,واو,تتمة,replacement,,
47:16,Muhammad,47,16,26,ومنهم من يستمع إليك حتى إذا خرجوا من عندك قالوا للذين أوتوا العلم ماذا قال آنفًا ۚ أولئك الذين طبع الله على قلوبهم واتبعوا أهواءهم,ومنهم من يستمع إليك,364,واو,تتمة,replacement,,
11:58,Hud,11,58,12,ولما جاء أمرنا نجينا هودًا والذين آمنوا معه برحمةٍ منا ونجيناهم من عذابٍ غليظٍ,ولما جاء أمرنا,365,واو,تتمة,replacement,,
11:94,Hud,11,94,12,ولما جاء أمرنا نجينا شعيبًا والذين آمنوا معه برحمةٍ منا وأخذت الذين ظلموا الصيحة فأصبحوا في ديارهم جاثمين,ولما جاء أمرنا,365,واو,تتمة,replacement,,
11:66,Hud,11,66,12,فلما جاء أمرنا نجينا صالحًا والذين آمنوا معه برحمةٍ منا ومن خزي يومئذٍ ۗ إن ربك هو القوي العزيز,فلما جاء أمرنا,365,واو,تتمة,replacement,,
11:82,Hud,11,82,12,فلما جاء أمرنا جعلنا عاليها سافلها وأمطرنا عليها حجارةً من سجيلٍ منضودٍ,فلما جاء أمرنا,365,واو,تتمة,replacement,,
15:13,Al-Hijr,15,13,14,لا يؤمنون به ۖ وقد خلت سنة الأولين,لا يؤمنون به وقد خلت سنة الأولين,366,واو,تتمة,replacement,,
26:201,Ash-Shu'ara,26,201,19,لا يؤمنون به حتى يروا العذاب الأليم,لا يؤمنون به حتى يروا العذاب الأليم,366,واو,تتمة,replacement,,
15:65,Al-Hijr,15,65,14,فأسر بأهلك بقطعٍ من الليل واتبع أدبارهم ولا يلتفت منكم أحد وامضوا حيث تؤمرون,بقطعٍ من الليل واتبع أدبارهم ولا يلتفت,367,واو,تتمة,addition & subtraction,,
11:81,Hud,11,81,12,قالوا يا لوط إنا رسل ربك لن يصلوا إليك ۖ فأسر بأهلك بقطعٍ من الليل ولا يلتفت منكم أحد إلا امرأتك ۖ إنه مصيبها ما أصابهم ۚ إن موعدهم الصبح ۚ أليس الصبح بقريبٍ,بقطعٍ من الليل ولا يلتفت,367,واو,تتمة,addition & subtraction,,
23:19,Al-Mu'minoon,23,19,18,فأنشأنا لكم به جناتٍ من نخيلٍ وأعنابٍ لكم فيها فواكه كثيرة ومنها تأكلون,فواكه كثيرة، ومنها تأكلون,368,واو,تتمة,multiple differences,,
37:42,As-Saffat,37,42,23,فواكه ۖ وهم مكرمون,فواكه وهم مكرمون,368,واو,تتمة,multiple differences,,
77:42,Al-Mursalat,77,42,29,وفواكه مما يشتهون,وفواكه مما يشتهون,368,واو,تتمة,multiple differences,,
2:219,Al-Baqara,2,219,2,يسألونك عن الخمر والميسر ۖ قل فيهما إثم كبير ومنافع للناس وإثمهما أكبر من نفعهما ۗ ويسألونك ماذا ينفقون قل العفو ۗ كذلك يبين الله لكم الآيات لعلكم تتفكرون,ومنافع للناس,368,واو,تتمة,multiple differences,,
16:5,An-Nahl,16,5,14,والأنعام خلقها ۗ لكم فيها دفء ومنافع ومنها تأكلون,ومنافع، ومنها تأكلون,368,واو,تتمة,multiple differences,,
22:28,Al-Hajj,22,28,17,ليشهدوا منافع لهم ويذكروا اسم الله في أيامٍ معلوماتٍ على ما رزقهم من بهيمة الأنعام ۖ فكلوا منها وأطعموا البائس الفقير,منافع لهم,368,واو,تتمة,multiple differences,,
22:33,Al-Hajj,22,33,17,لكم فيها منافع إلى أجلٍ مسمى ثم محلها إلى البيت العتيق,منافع إلى أجلٍ,368,واو,تتمة,multiple differences,,
23:21,Al-Mu'minoon,23,21,18,وإن لكم في الأنعام لعبرةً ۖ نسقيكم مما في بطونها ولكم فيها منافع كثيرة ومنها تأكلون,منافع كثيرة، ومنها تأكلون,368,واو,تتمة,multiple differences,,
36:73,Ya Seen,36,73,23,ولهم فيها منافع ومشارب ۖ أفلا يشكرون,منافع ومشارب,368,واو,تتمة,multiple differences,,
40:80,Ghafir,40,80,24,ولكم فيها منافع ولتبلغوا عليها حاجةً في صدوركم وعليها وعلى الفلك تحملون,منافع,368,واو,تتمة,multiple differences,,
57:25,Al-Hadid,57,25,27,لقد أرسلنا رسلنا بالبينات وأنزلنا معهم الكتاب والميزان ليقوم الناس بالقسط ۖ وأنزلنا الحديد فيه بأس شديد ومنافع للناس وليعلم الله من ينصره ورسله بالغيب ۚ إن الله قوي عزيز,ومنافع للناس,368,واو,تتمة,multiple differences,,
28:14,Al-Qasas,28,14,20,ولما بلغ أشده واستوى آتيناه حكمًا وعلمًا ۚ وكذلك نجزي المحسنين,ولما بلغ أشده واستوى آتيناه,369,واو,تتمة,addition & subtraction,,
12:22,Yusuf,12,22,12,ولما بلغ أشده آتيناه حكمًا وعلمًا ۚ وكذلك نجزي المحسنين,ولما بلغ أشده آتيناه,369,واو,تتمة,addition & subtraction,,
29:22,Al-Ankabut,29,22,20,وما أنتم بمعجزين في الأرض ولا في السماء ۖ وما لكم من دون الله من ولي ولا نصيرٍ,بمعجزين في الأرض ولا في السماء,370,واو,تتمة,addition & subtraction,,
42:31,Ash-Shura,42,31,25,وما أنتم بمعجزين في الأرض ۖ وما لكم من دون الله من ولي ولا نصيرٍ,بمعجزين في الأرض,370,واو,تتمة,addition & subtraction,,
30:34,Ar-Rum,30,34,21,ليكفروا بما آتيناهم ۚ فتمتعوا فسوف تعلمون,ليكفروا بما آتيناهم فتمتعوا,371,واو,تتمة,replacement,,
16:55,An-Nahl,16,55,14,ليكفروا بما آتيناهم ۚ فتمتعوا ۖ فسوف تعلمون,ليكفروا بما آتيناهم فتمتعوا,371,واو,تتمة,replacement,,
29:66,Al-Ankabut,29,66,21,ليكفروا بما آتيناهم وليتمتعوا ۖ فسوف يعلمون,ليكفروا بما آتيناهم وليتمتعوا,371,واو,تتمة,replacement,,
32:4,As-Sajda,32,4,21,الله الذي خلق السماوات والأرض وما بينهما في ستة أيامٍ ثم استوى على العرش ۖ ما لكم من دونه من ولي ولا شفيعٍ ۚ أفلا تتذكرون,السماوات والأرض وما بينهما في ستة أيامٍ,372,واو,تتمة,addition & subtraction,,
10:3,Yunus,10,3,11,إن ربكم الله الذي خلق السماوات والأرض في ستة أيامٍ ثم استوى على العرش ۖ يدبر الأمر ۖ ما من شفيعٍ إلا من بعد إذنه ۚ ذلكم الله ربكم فاعبدوه ۚ أفلا تذكرون,السماوات والأرض في ستة أيامٍ,372,واو,تتمة,addition & subtraction,,
11:7,Hud,11,7,12,وهو الذي خلق السماوات والأرض في ستة أيامٍ وكان عرشه على الماء ليبلوكم أيكم أحسن عملًا ۗ ولئن قلت إنكم مبعوثون من بعد الموت ليقولن الذين كفروا إن هذا إلا سحر مبين,السماوات والأرض في ستة أيامٍ,372,واو,تتمة,addition & subtraction,,
57:4,Al-Hadid,57,4,27,هو الذي خلق السماوات والأرض في ستة أيامٍ ثم استوى على العرش ۚ يعلم ما يلج في الأرض وما يخرج منها وما ينزل من السماء وما يعرج فيها ۖ وهو معكم أين ما كنتم ۚ والله بما تعملون بصير,السماوات والأرض في ستة أيامٍ,372,واو,تتمة,addition & subtraction,,
7:54,Al-A'raf,7,54,8,إن ربكم الله الذي خلق السماوات والأرض في ستة أيامٍ ثم استوى على العرش يغشي الليل النهار يطلبه حثيثًا والشمس والقمر والنجوم مسخراتٍ بأمره ۗ ألا له الخلق والأمر ۗ تبارك الله رب العالمين,السماوات والأرض في ستة أيامٍ,372,واو,تتمة,addition & subtraction,,
50:38,Qaf,50,38,26,ولقد خلقنا السماوات والأرض وما بينهما في ستة أيامٍ وما مسنا من لغوبٍ,السماوات والأرض وما بينهما في ستة أيامٍ,372,واو,تتمة,addition & subtraction,,
25:59,Al-Furqan,25,59,19,الذي خلق السماوات والأرض وما بينهما في ستة أيامٍ ثم استوى على العرش ۚ الرحمن فاسأل به خبيرًا,السماوات والأرض وما بينهما في ستة أيامٍ,372,واو,تتمة,addition & subtraction,,
50:23,Qaf,50,23,26,وقال قرينه هذا ما لدي عتيد,وقال قرينه,373,واو,تتمة,addition & subtraction,,
50:27,Qaf,50,27,26,قال قرينه ربنا ما أطغيته ولكن كان في ضلالٍ بعيدٍ,قال قرينه,373,واو,تتمة,addition & subtraction,,
71:21,Nuh,71,21,29,قال نوح رب إنهم عصوني واتبعوا من لم يزده ماله وولده إلا خسارًا,قال نوح رب,374,واو,تتمة,addition & subtraction,,
71:26,Nuh,71,26,29,وقال نوح رب لا تذر على الأرض من الكافرين ديارًا,وقال نوح رب,374,واو,تتمة,addition & subtraction,,
2:120,Al-Baqara,2,120,1,ولن ترضى عنك اليهود ولا النصارى حتى تتبع ملتهم ۗ قل إن هدى الله هو الهدى ۗ ولئن اتبعت أهواءهم بعد الذي جاءك من العلم ۙ ما لك من الله من ولي ولا نصيرٍ,قل إن هدى الله هو الهدى,375,هاء,تتمة,multiple differences,,
6:71,Al-An'am,6,71,7,قل أندعو من دون الله ما لا ينفعنا ولا يضرنا ونرد على أعقابنا بعد إذ هدانا الله كالذي استهوته الشياطين في الأرض حيران له أصحاب يدعونه إلى الهدى ائتنا ۗ قل إن هدى الله هو الهدى ۖ وأمرنا لنسلم لرب العالمين,قل إن هدى الله هو الهدى,375,هاء,تتمة,multiple differences,,
3:73,Al Imran,3,73,3,ولا تؤمنوا إلا لمن تبع دينكم قل إن الهدى هدى الله أن يؤتى أحد مثل ما أوتيتم أو يحاجوكم عند ربكم ۗ قل إن الفضل بيد الله يؤتيه من يشاء ۗ والله واسع عليم,قل إن الهدى هدى الله,375,هاء,تتمة,multiple differences,,
7:79,Al-A'raf,7,79,8,فتولى عنهم وقال يا قوم لقد أبلغتكم رسالة ربي ونصحت لكم ولكن لا تحبون الناصحين,أبلغتكم رسالة ربي,376,هاء,تتمة,replacement,,yes
7:62,Al-A'raf,7,62,8,أبلغكم رسالات ربي وأنصح لكم وأعلم من الله ما لا تعلمون,أبلغكم رسالات ربي,376,هاء,تتمة,replacement,,
7:68,Al-A'raf,7,68,8,أبلغكم رسالات ربي وأنا لكم ناصح أمين,أبلغكم رسالات ربي,376,هاء,تتمة,replacement,,
7:93,Al-A'raf,7,93,9,فتولى عنهم وقال يا قوم لقد أبلغتكم رسالات ربي ونصحت لكم ۖ فكيف آسى على قومٍ كافرين,أبلغتكم رسالات ربي,376,هاء,تتمة,replacement,,
19:90,Maryam,19,90,16,تكاد السماوات يتفطرن منه وتنشق الأرض وتخر الجبال هدا,يتفطرن منه,377,هاء,تتمة,replacement,,
42:5,Ash-Shura,42,5,25,تكاد السماوات يتفطرن من فوقهن ۚ والملائكة يسبحون بحمد ربهم ويستغفرون لمن في الأرض ۗ ألا إن الله هو الغفور الرحيم,يتفطرن من فوقهن,377,هاء,تتمة,replacement,,
21:31,Al-Anbiya',21,31,17,وجعلنا في الأرض رواسي أن تميد بهم وجعلنا فيها فجاجًا سبلًا لعلهم يهتدون,رواسي أن تميد بهم,378,هاء,تتمة,replacement,,
31:10,Luqman,31,10,21,خلق السماوات بغير عمدٍ ترونها ۖ وألقى في الأرض رواسي أن تميد بكم وبث فيها من كل دابةٍ ۚ وأنزلنا من السماء ماءً فأنبتنا فيها من كل زوجٍ كريمٍ,رواسي أن تميد بكم,378,هاء,تتمة,replacement,,
16:15,An-Nahl,16,15,14,وألقى في الأرض رواسي أن تميد بكم وأنهارًا وسبلًا لعلكم تهتدون,رواسي أن تميد بكم,378,هاء,تتمة,replacement,,
22:45,Al-Hajj,22,45,17,فكأين من قريةٍ أهلكناها وهي ظالمة فهي خاوية على عروشها وبئرٍ معطلةٍ وقصرٍ مشيدٍ,فكأين من قريةٍ,379,هاء,تتمة,replacement,,yes
22:48,Al-Hajj,22,48,17,وكأين من قريةٍ أمليت لها وهي ظالمة ثم أخذتها وإلي المصير,وكأين من قريةٍ,379,هاء,تتمة,replacement,,
47:13,Muhammad,47,13,26,وكأين من قريةٍ هي أشد قوةً من قريتك التي أخرجتك أهلكناهم فلا ناصر لهم,وكأين من قريةٍ,379,هاء,تتمة,replacement,,
65:8,At-Talaq,65,8,28,وكأين من قريةٍ عتت عن أمر ربها ورسله فحاسبناها حسابًا شديدًا وعذبناها عذابًا نكرًا,وكأين من قريةٍ,379,هاء,تتمة,replacement,,
25:50,Al-Furqan,25,50,19,ولقد صرفناه بينهم ليذكروا فأبى أكثر الناس إلا كفورًا,ولقد صرفناه,380,هاء,تتمة,replacement,,yes
17:41,Al-Isra',17,41,15,ولقد صرفنا في هذا القرآن ليذكروا وما يزيدهم إلا نفورًا,ولقد صرفنا,380,هاء,تتمة,replacement,,
17:89,Al-Isra',17,89,15,ولقد صرفنا للناس في هذا القرآن من كل مثلٍ فأبى أكثر الناس إلا كفورًا,ولقد صرفنا,380,هاء,تتمة,replacement,,
18:54,Al-Kahf,18,54,15,ولقد صرفنا في هذا القرآن للناس من كل مثلٍ ۚ وكان الإنسان أكثر شيءٍ جدلًا,ولقد صرفنا,380,هاء,تتمة,replacement,,
34:42,Saba',34,42,22,فاليوم لا يملك بعضكم لبعضٍ نفعًا ولا ضرا ونقول للذين ظلموا ذوقوا عذاب النار التي كنتم بها تكذبون,ذوقوا عذاب النار التي كنتم بها تكذبون,381,هاء,تتمة,replacement,,
32:20,As-Sajda,32,20,21,وأما الذين فسقوا فمأواهم النار ۖ كلما أرادوا أن يخرجوا منها أعيدوا فيها وقيل لهم ذوقوا عذاب النار الذي كنتم به تكذبون,ذوقوا عذاب النار الذي كنتم به تكذبون,381,هاء,تتمة,replacement,,
37:175,As-Saffat,37,175,23,وأبصرهم فسوف يبصرون,وأبصرهم فسوف,382,هاء,تتمة,addition & subtraction,,
37:179,As-Saffat,37,179,23,وأبصر فسوف يبصرون,وأبصر فسوف,382,هاء,تتمة,addition & subtraction,,
43:22,Az-Zukhruf,43,22,25,بل قالوا إنا وجدنا آباءنا على أمةٍ وإنا على آثارهم مهتدون,على آثارهم مهتدون,383,هاء,تتمة,replacement,,
43:23,Az-Zukhruf,43,23,25,وكذلك ما أرسلنا من قبلك في قريةٍ من نذيرٍ إلا قال مترفوها إنا وجدنا آباءنا على أمةٍ وإنا على آثارهم مقتدون,على آثارهم مقتدون,383,هاء,تتمة,replacement,,
43:64,Az-Zukhruf,43,64,25,إن الله هو ربي وربكم فاعبدوه ۚ هذا صراط مستقيم,إن الله هو ربي,384,هاء,تتمة,addition & subtraction,,yes
3:51,Al Imran,3,51,3,إن الله ربي وربكم فاعبدوه ۗ هذا صراط مستقيم,إن الله ربي,384,هاء,تتمة,addition & subtraction,,
19:36,Maryam,19,36,16,وإن الله ربي وربكم فاعبدوه ۚ هذا صراط مستقيم,وإن الله ربي,384,هاء,تتمة,addition & subtraction,,
2:129,Al-Baqara,2,129,1,ربنا وابعث فيهم رسولًا منهم يتلو عليهم آياتك ويعلمهم الكتاب والحكمة ويزكيهم ۚ إنك أنت العزيز الحكيم,ويعلمهم الكتاب والحكمة ويزكيهم,385,ياء,تتمة,multiple differences,,
2:151,Al-Baqara,2,151,2,كما أرسلنا فيكم رسولًا منكم يتلو عليكم آياتنا ويزكيكم ويعلمكم الكتاب والحكمة ويعلمكم ما لم تكونوا تعلمون,ويزكيكم ويعلمكم الكتاب والحكمة,385,ياء,تتمة,multiple differences,,
62:2,Al-Jumu'a,62,2,28,هو الذي بعث في الأميين رسولًا منهم يتلو عليهم آياته ويزكيهم ويعلمهم الكتاب والحكمة وإن كانوا من قبل لفي ضلالٍ مبينٍ,ويزكيهم ويعلمهم الكتاب والحكمة,385,ياء,تتمة,multiple differences,,
3:164,Al Imran,3,164,4,لقد من الله على المؤمنين إذ بعث فيهم رسولًا من أنفسهم يتلو عليهم آياته ويزكيهم ويعلمهم الكتاب والحكمة وإن كانوا من قبل لفي ضلالٍ مبينٍ,ويزكيهم ويعلمهم الكتاب والحكمة,385,ياء,تتمة,multiple differences,,
20:94,Ta-Ha,20,94,16,قال يا ابن أم لا تأخذ بلحيتي ولا برأسي ۖ إني خشيت أن تقول فرقت بين بني إسرائيل ولم ترقب قولي,قال يا ابن أم,386,ياء,تتمة,addition & subtraction,,
7:150,Al-A'raf,7,150,9,ولما رجع موسى إلى قومه غضبان أسفًا قال بئسما خلفتموني من بعدي ۖ أعجلتم أمر ربكم ۖ وألقى الألواح وأخذ برأس أخيه يجره إليه ۚ قال ابن أم إن القوم استضعفوني وكادوا يقتلونني فلا تشمت بي الأعداء ولا تجعلني مع القوم الظالمين,قال ابن أم,386,ياء,تتمة,addition & subtraction,,
27:87,An-Naml,27,87,20,ويوم ينفخ في الصور ففزع من في السماوات ومن في الأرض إلا من شاء الله ۚ وكل أتوه داخرين,ويوم ينفخ في الصور ففزع من في السماوات,387,ياء,تتمة,replacement,,
39:68,Az-Zumar,39,68,24,ونفخ في الصور فصعق من في السماوات ومن في الأرض إلا من شاء الله ۖ ثم نفخ فيه أخرى فإذا هم قيام ينظرون,ونفخ في الصور فصعق من في السماوات,387,ياء,تتمة,replacement,,
